"","app_rate_g_cm2","application","body_weight_g","chemical","exp_duration","formulation","sample_id","soil_conc_ugg","soil_type","source","species","tissue_conc_ugg"
"1",5.58e-06,"Overspray",1.73625,"Imidacloprid",8,0,"HGOI1",0.47984644,"PLE","rvm2015","Barking treefrog",1.015287169
"2",5.58e-06,"Overspray",2.61111,"Imidacloprid",8,0,"HGOI2",0.47984644,"PLE","rvm2015","Barking treefrog",1.636083216
"3",5.58e-06,"Overspray",1.82332,"Imidacloprid",8,0,"HGOI3",0.47984644,"PLE","rvm2015","Barking treefrog",0.926100389
"4",5.58e-06,"Overspray",2.91551,"Imidacloprid",8,0,"HGOI4",0.47984644,"PLE","rvm2015","Barking treefrog",0.718277624
"5",5.58e-06,"Overspray",2.49115,"Imidacloprid",8,0,"HGOI5",0.47984644,"PLE","rvm2015","Barking treefrog",1.08903614
"6",2e-05,"Overspray",2.09766,"Pendimethalin",8,0,"HGOP1",12.11934838,"PLE","rvm2015","Barking treefrog",2.138795205
"7",2e-05,"Overspray",2.41178,"Pendimethalin",8,0,"HGOP2",12.11934838,"PLE","rvm2015","Barking treefrog",2.01901591
"8",2e-05,"Overspray",1.72083,"Pendimethalin",8,0,"HGOP3",12.11934838,"PLE","rvm2015","Barking treefrog",2.28849235
"9",2e-05,"Overspray",2.70413,"Pendimethalin",8,0,"HGOP4",12.11934838,"PLE","rvm2015","Barking treefrog",2.767161376
"10",2e-05,"Overspray",2.23741,"Pendimethalin",8,0,"HGOP5",12.11934838,"PLE","rvm2015","Barking treefrog",1.232549848
"11",2.3e-05,"Overspray",2.02028,"Total Atrazine",8,0,"HGOA1",15.10490982,"PLE","rvm2015","Barking treefrog",12.2881692
"12",2.3e-05,"Overspray",1.69156,"Total Atrazine",8,0,"HGOA2",15.10490982,"PLE","rvm2015","Barking treefrog",8.916353622
"13",2.3e-05,"Overspray",2.07221,"Total Atrazine",8,0,"HGOA3",15.10490982,"PLE","rvm2015","Barking treefrog",9.702578705
"14",2.3e-05,"Overspray",2.36942,"Total Atrazine",8,0,"HGOA4",15.10490982,"PLE","rvm2015","Barking treefrog",17.83079959
"15",2.3e-05,"Overspray",1.96104,"Total Atrazine",8,0,"HGOA5",15.10490982,"PLE","rvm2015","Barking treefrog",14.21727551
"16",1.11e-06,"Overspray",2.73317,"Total Fipronil",8,0,"HGOF1",3.492483429,"PLE","rvm2015","Barking treefrog",2.400285765
"17",1.11e-06,"Overspray",2.02542,"Total Fipronil",8,0,"HGOF2",3.492483429,"PLE","rvm2015","Barking treefrog",1.658107241
"18",1.11e-06,"Overspray",2.12849,"Total Fipronil",8,0,"HGOF3",3.492483429,"PLE","rvm2015","Barking treefrog",1.662784049
"19",1.11e-06,"Overspray",1.73265,"Total Fipronil",8,0,"HGOF4",3.492483429,"PLE","rvm2015","Barking treefrog",2.07396123
"20",1.11e-06,"Overspray",1.52771,"Total Fipronil",8,0,"HGOF5",3.492483429,"PLE","rvm2015","Barking treefrog",1.915890199
"21",2.85e-06,"Overspray",1.72511,"Total Triadimefon",8,0,"HGOT1",8.451291713,"PLE","rvm2015","Barking treefrog",0.636157453
"22",2.85e-06,"Overspray",1.94887,"Total Triadimefon",8,0,"HGOT2",8.451291713,"PLE","rvm2015","Barking treefrog",0.972799964
"23",2.85e-06,"Overspray",1.55295,"Total Triadimefon",8,0,"HGOT3",8.451291713,"PLE","rvm2015","Barking treefrog",0.397699131
"24",2.85e-06,"Overspray",2.37346,"Total Triadimefon",8,0,"HGOT4",8.451291713,"PLE","rvm2015","Barking treefrog",0.642604155
"25",2.85e-06,"Overspray",1.57685,"Total Triadimefon",8,0,"HGOT5",8.451291713,"PLE","rvm2015","Barking treefrog",0.48091159
"26",5.69e-06,"Soil",1.95576,"Imidacloprid",8,0,"HGI1",2.565991685,"PLE","rvm2015","Barking treefrog",0.329814712
"27",5.69e-06,"Soil",2.26328,"Imidacloprid",8,0,"HGI2",2.565991685,"PLE","rvm2015","Barking treefrog",0.210770534
"28",5.69e-06,"Soil",1.27439,"Imidacloprid",8,0,"HGI3",2.565991685,"PLE","rvm2015","Barking treefrog",0.50673308
"29",5.69e-06,"Soil",1.89439,"Imidacloprid",8,0,"HGI4",2.565991685,"PLE","rvm2015","Barking treefrog",0.292676446
"30",5.69e-06,"Soil",1.4839,"Imidacloprid",8,0,"HGI5",2.565991685,"PLE","rvm2015","Barking treefrog",0.622028925
"31",1.98e-05,"Soil",2.44812,"Pendimethalin",8,0,"HGP1",13.61565316,"PLE","rvm2015","Barking treefrog",0.409017886
"32",1.98e-05,"Soil",2.46997,"Pendimethalin",8,0,"HGP2",13.61565316,"PLE","rvm2015","Barking treefrog",0.257508419
"33",1.98e-05,"Soil",2.01387,"Pendimethalin",8,0,"HGP3",13.61565316,"PLE","rvm2015","Barking treefrog",0.094968352
"34",1.98e-05,"Soil",2.29373,"Pendimethalin",8,0,"HGP4",13.61565316,"PLE","rvm2015","Barking treefrog",0.08250324
"35",1.98e-05,"Soil",2.2234,"Pendimethalin",8,0,"HGP5",13.61565316,"PLE","rvm2015","Barking treefrog",0.099338888
"36",2.3e-05,"Soil",2.069224088,"Total Atrazine",8,0,"HGA1",14.43612837,"PLE","rvm2015","Barking treefrog",7.876952404
"37",2.3e-05,"Soil",1.2818,"Total Atrazine",8,0,"HGA2",14.43612837,"PLE","rvm2015","Barking treefrog",6.342816533
"38",2.3e-05,"Soil",1.91549,"Total Atrazine",8,0,"HGA3",14.43612837,"PLE","rvm2015","Barking treefrog",5.059544246
"39",2.3e-05,"Soil",1.66783,"Total Atrazine",8,0,"HGA4",14.43612837,"PLE","rvm2015","Barking treefrog",5.640191973
"40",2.3e-05,"Soil",2.6954,"Total Atrazine",8,0,"HGA5",14.43612837,"PLE","rvm2015","Barking treefrog",5.631964095
"41",1.12e-06,"Soil",1.62588,"Total Fipronil",8,0,"HGF1",2.495701956,"PLE","rvm2015","Barking treefrog",0.656150683
"42",1.12e-06,"Soil",1.22989,"Total Fipronil",8,0,"HGF2",2.495701956,"PLE","rvm2015","Barking treefrog",0.966721159
"43",1.12e-06,"Soil",2.00445,"Total Fipronil",8,0,"HGF3",2.495701956,"PLE","rvm2015","Barking treefrog",0.464139949
"44",1.12e-06,"Soil",1.99483,"Total Fipronil",8,0,"HGF4",2.495701956,"PLE","rvm2015","Barking treefrog",0.461519982
"45",1.12e-06,"Soil",1.56533,"Total Fipronil",8,0,"HGF5",2.495701956,"PLE","rvm2015","Barking treefrog",0.2997831
"46",2.79e-06,"Soil",1.30797,"Total Triadimefon",8,0,"HGT1",5.94731458,"PLE","rvm2015","Barking treefrog",0.268608762
"47",2.79e-06,"Soil",1.082,"Total Triadimefon",8,0,"HGT2",5.94731458,"PLE","rvm2015","Barking treefrog",0.216919024
"48",2.79e-06,"Soil",2.56323,"Total Triadimefon",8,0,"HGT3",5.94731458,"PLE","rvm2015","Barking treefrog",0.143700399
"49",2.79e-06,"Soil",1.61382,"Total Triadimefon",8,0,"HGT4",5.94731458,"PLE","rvm2015","Barking treefrog",0.274522017
"50",2.79e-06,"Soil",2.84579,"Total Triadimefon",8,0,"HGT5",5.94731458,"PLE","rvm2015","Barking treefrog",0.173080623
"51",5.62e-06,"Soil",0.7479,"Imidacloprid",8,0,"CFI1",2.072271639,"PLE","rvm2015","Cricket frog",0.253213485
"52",5.62e-06,"Soil",0.74614,"Imidacloprid",8,0,"CFI2",2.072271639,"PLE","rvm2015","Cricket frog",0.434782099
"53",5.62e-06,"Soil",0.53965,"Imidacloprid",8,0,"CFI3",2.072271639,"PLE","rvm2015","Cricket frog",0.372214162
"54",5.62e-06,"Soil",0.71619,"Imidacloprid",8,0,"CFI4",2.072271639,"PLE","rvm2015","Cricket frog",0.339457748
"55",5.62e-06,"Soil",0.63282,"Imidacloprid",8,0,"CFI5",2.072271639,"PLE","rvm2015","Cricket frog",0.275966093
"56",2.79e-06,"Soil",0.6273,"Total Triadimefon",8,0,"CFT1",10.06719167,"PLE","rvm2015","Cricket frog",2.077130886
"57",2.79e-06,"Soil",0.50037,"Total Triadimefon",8,0,"CFT2",10.06719167,"PLE","rvm2015","Cricket frog",1.756096815
"58",2.79e-06,"Soil",0.70107,"Total Triadimefon",8,0,"CFT3",10.06719167,"PLE","rvm2015","Cricket frog",1.744838243
"59",2.79e-06,"Soil",0.69761,"Total Triadimefon",8,0,"CFT4",10.06719167,"PLE","rvm2015","Cricket frog",1.460137338
"60",2.79e-06,"Soil",0.70298,"Total Triadimefon",8,0,"CFT5",10.06719167,"PLE","rvm2015","Cricket frog",1.373422118
"61",1.99e-05,"Soil",1.44625,"Pendimethalin",8,0,"FTP1",12.47076761,"PLE","rvm2015","Fowlers toad",1.015765216
"62",1.99e-05,"Soil",1.4138,"Pendimethalin",8,0,"FTP2",12.47076761,"PLE","rvm2015","Fowlers toad",0.793134917
"63",1.99e-05,"Soil",2.94055,"Pendimethalin",8,0,"FTP3",12.47076761,"PLE","rvm2015","Fowlers toad",0.232912294
"64",1.99e-05,"Soil",2.01645,"Pendimethalin",8,0,"FTP4",12.47076761,"PLE","rvm2015","Fowlers toad",2.450801741
"65",1.99e-05,"Soil",1.73866,"Pendimethalin",8,0,"FTP5",12.47076761,"PLE","rvm2015","Fowlers toad",0.348901972
"66",2.28e-05,"Soil",2.811,"Total Atrazine",8,0,"FTA1",17.05417146,"PLE","rvm2015","Fowlers toad",9.865493013
"67",2.28e-05,"Soil",1.04725,"Total Atrazine",8,0,"FTA2",17.05417146,"PLE","rvm2015","Fowlers toad",14.56173496
"68",2.28e-05,"Soil",2.57336,"Total Atrazine",8,0,"FTA3",17.05417146,"PLE","rvm2015","Fowlers toad",10.4565577
"69",2.28e-05,"Soil",1.93404,"Total Atrazine",8,0,"FTA4",17.05417146,"PLE","rvm2015","Fowlers toad",9.020873418
"70",2.28e-05,"Soil",0.82668,"Total Atrazine",8,0,"FTA5",17.05417146,"PLE","rvm2015","Fowlers toad",8.439433709
"71",1.14e-06,"Soil",2.87106,"Total Fipronil",8,0,"FTF1",3.366859313,"PLE","rvm2015","Fowlers toad",1.155134535
"72",1.14e-06,"Soil",1.28161,"Total Fipronil",8,0,"FTF2",3.366859313,"PLE","rvm2015","Fowlers toad",0.524889572
"73",1.14e-06,"Soil",2.48014,"Total Fipronil",8,0,"FTF3",3.366859313,"PLE","rvm2015","Fowlers toad",1.259008899
"74",1.14e-06,"Soil",1.69321,"Total Fipronil",8,0,"FTF4",3.366859313,"PLE","rvm2015","Fowlers toad",1.158626237
"75",1.14e-06,"Soil",0.89804,"Total Fipronil",8,0,"FTF5",3.366859313,"PLE","rvm2015","Fowlers toad",2.07002135
"76",2.74e-06,"Soil",0.95994,"Total Triadimefon",8,0,"FTT1",7.010390361,"PLE","rvm2015","Fowlers toad",0.17768118
"77",2.74e-06,"Soil",1.74647,"Total Triadimefon",8,0,"FTT2",7.010390361,"PLE","rvm2015","Fowlers toad",0.249114027
"78",2.74e-06,"Soil",1.37367,"Total Triadimefon",8,0,"FTT3",7.010390361,"PLE","rvm2015","Fowlers toad",0.309893558
"79",2.74e-06,"Soil",3.32274,"Total Triadimefon",8,0,"FTT4",7.010390361,"PLE","rvm2015","Fowlers toad",0.404606482
"80",2.74e-06,"Soil",1.09363,"Total Triadimefon",8,0,"FTT5",7.010390361,"PLE","rvm2015","Fowlers toad",0.318423813
"81",5.66e-06,"Soil",1.50164,"Imidacloprid",8,0,"HVI1",2.865856558,"PLE","rvm2015","Gray treefrog",0.188500223
"82",5.66e-06,"Soil",1.89679,"Imidacloprid",8,0,"HVI2",2.865856558,"PLE","rvm2015","Gray treefrog",0.176685812
"83",5.66e-06,"Soil",1.48929,"Imidacloprid",8,0,"HVI3",2.865856558,"PLE","rvm2015","Gray treefrog",0.158445082
"84",5.66e-06,"Soil",2.47287,"Imidacloprid",8,0,"HVI4",2.865856558,"PLE","rvm2015","Gray treefrog",0.133043234
"85",5.66e-06,"Soil",1.5308,"Imidacloprid",8,0,"HVI5",2.865856558,"PLE","rvm2015","Gray treefrog",0.27666374
"86",1.99e-05,"Soil",1.42942,"Pendimethalin",8,0,"HVP1",10.66105625,"PLE","rvm2015","Gray treefrog",0.077086057
"87",1.99e-05,"Soil",1.72685,"Pendimethalin",8,0,"HVP2",10.66105625,"PLE","rvm2015","Gray treefrog",0.04141364
"88",1.99e-05,"Soil",1.77209,"Pendimethalin",8,0,"HVP3",10.66105625,"PLE","rvm2015","Gray treefrog",0.062623285
"89",1.99e-05,"Soil",1.59006,"Pendimethalin",8,0,"HVP4",10.66105625,"PLE","rvm2015","Gray treefrog",0.018846949
"90",1.99e-05,"Soil",1.59253,"Pendimethalin",8,0,"HVP5",10.66105625,"PLE","rvm2015","Gray treefrog",0.060285257
"91",2.31e-05,"Soil",1.56286,"Total Atrazine",8,0,"HVA1",16.63951616,"PLE","rvm2015","Gray treefrog",8.381738534
"92",2.31e-05,"Soil",1.42737,"Total Atrazine",8,0,"HVA2",16.63951616,"PLE","rvm2015","Gray treefrog",8.407586134
"93",2.31e-05,"Soil",2.21783,"Total Atrazine",8,0,"HVA3",16.63951616,"PLE","rvm2015","Gray treefrog",10.43128937
"94",2.31e-05,"Soil",2.86963,"Total Atrazine",8,0,"HVA4",16.63951616,"PLE","rvm2015","Gray treefrog",8.072348131
"95",2.31e-05,"Soil",1.1115,"Total Atrazine",8,0,"HVA5",16.63951616,"PLE","rvm2015","Gray treefrog",6.806192479
"96",1.05e-06,"Soil",2.29103,"Total Fipronil",8,0,"HVF1",3.309695933,"PLE","rvm2015","Gray treefrog",0.895649989
"97",1.05e-06,"Soil",2.48463,"Total Fipronil",8,0,"HVF2",3.309695933,"PLE","rvm2015","Gray treefrog",0.453031887
"98",1.05e-06,"Soil",1.73741,"Total Fipronil",8,0,"HVF3",3.309695933,"PLE","rvm2015","Gray treefrog",0.627210223
"99",1.05e-06,"Soil",1.90828,"Total Fipronil",8,0,"HVF4",3.309695933,"PLE","rvm2015","Gray treefrog",0.144678333
"100",1.05e-06,"Soil",2.34893,"Total Fipronil",8,0,"HVF5",3.309695933,"PLE","rvm2015","Gray treefrog",0.173233731
"101",2.78e-06,"Soil",2.49658,"Total Triadimefon",8,0,"HVT1",5.80984816,"PLE","rvm2015","Gray treefrog",0.45289549
"102",2.78e-06,"Soil",2.51534,"Total Triadimefon",8,0,"HVT2",5.80984816,"PLE","rvm2015","Gray treefrog",0.841704915
"103",2.78e-06,"Soil",1.1547,"Total Triadimefon",8,0,"HVT3",5.80984816,"PLE","rvm2015","Gray treefrog",0.590151651
"104",2.78e-06,"Soil",1.20172,"Total Triadimefon",8,0,"HVT4",5.80984816,"PLE","rvm2015","Gray treefrog",0.691676628
"105",2.78e-06,"Soil",2.91091,"Total Triadimefon",8,0,"HVT5",5.80984816,"PLE","rvm2015","Gray treefrog",0.446716578
"106",2e-05,"Overspray",1.96213,"Pendimethalin",8,0,"HCOP1",12.5210311,"PLE","rvm2015","Green treefrog",0.673117238
"107",2e-05,"Overspray",2.02547,"Pendimethalin",8,0,"HCOP2",12.5210311,"PLE","rvm2015","Green treefrog",7.113543563
"108",2e-05,"Overspray",1.56058,"Pendimethalin",8,0,"HCOP3",12.5210311,"PLE","rvm2015","Green treefrog",3.039240379
"109",2e-05,"Overspray",0.82568,"Pendimethalin",8,0,"HCOP4",12.5210311,"PLE","rvm2015","Green treefrog",1.070092765
"110",2e-05,"Overspray",1.17217,"Pendimethalin",8,0,"HCOP5",12.5210311,"PLE","rvm2015","Green treefrog",1.924313318
"111",2.31e-05,"Overspray",2.22041,"Total Atrazine",8,0,"HCOA1",19.12810511,"PLE","rvm2015","Green treefrog",23.44129789
"112",2.31e-05,"Overspray",3.35473,"Total Atrazine",8,0,"HCOA2",19.12810511,"PLE","rvm2015","Green treefrog",20.56163305
"113",2.31e-05,"Overspray",2.00039,"Total Atrazine",8,0,"HCOA3",19.12810511,"PLE","rvm2015","Green treefrog",19.95404302
"114",2.31e-05,"Overspray",2.82206,"Total Atrazine",8,0,"HCOA4",19.12810511,"PLE","rvm2015","Green treefrog",19.44679486
"115",2.31e-05,"Overspray",3.13181,"Total Atrazine",8,0,"HCOA5",19.12810511,"PLE","rvm2015","Green treefrog",18.88325569
"116",1.06e-06,"Overspray",1.30684,"Total Fipronil",8,0,"HCOF1",3.951751488,"PLE","rvm2015","Green treefrog",2.729720739
"117",1.06e-06,"Overspray",2.6593,"Total Fipronil",8,0,"HCOF2",3.951751488,"PLE","rvm2015","Green treefrog",3.730847831
"118",1.06e-06,"Overspray",1.88382,"Total Fipronil",8,0,"HCOF3",3.951751488,"PLE","rvm2015","Green treefrog",1.778989061
"119",1.06e-06,"Overspray",1.07051,"Total Fipronil",8,0,"HCOF4",3.951751488,"PLE","rvm2015","Green treefrog",1.159865558
"120",1.06e-06,"Overspray",1.77007,"Total Fipronil",8,0,"HCOF5",3.951751488,"PLE","rvm2015","Green treefrog",1.097300859
"121",2.79e-06,"Overspray",1.53205,"Total Triadimefon",8,0,"HCOT1",8.090520249,"PLE","rvm2015","Green treefrog",1.511168861
"122",2.79e-06,"Overspray",1.72177,"Total Triadimefon",8,0,"HCOT2",8.090520249,"PLE","rvm2015","Green treefrog",3.099302175
"123",2.79e-06,"Overspray",1.38441,"Total Triadimefon",8,0,"HCOT3",8.090520249,"PLE","rvm2015","Green treefrog",1.440452008
"124",2.79e-06,"Overspray",3.21721,"Total Triadimefon",8,0,"HCOT4",8.090520249,"PLE","rvm2015","Green treefrog",1.363591664
"125",2.79e-06,"Overspray",1.0386,"Total Triadimefon",8,0,"HCOT5",8.090520249,"PLE","rvm2015","Green treefrog",1.152513756
"126",5.76e-06,"Soil",1.46095,"Imidacloprid",8,0,"HCI1",2.032637766,"PLE","rvm2015","Green treefrog",0.128323626
"127",5.76e-06,"Soil",1.29982,"Imidacloprid",8,0,"HCI2",2.032637766,"PLE","rvm2015","Green treefrog",0.160232247
"128",5.76e-06,"Soil",1.41647,"Imidacloprid",8,0,"HCI3",2.032637766,"PLE","rvm2015","Green treefrog",0.12428756
"129",5.76e-06,"Soil",1.30898,"Imidacloprid",8,0,"HCI4",2.032637766,"PLE","rvm2015","Green treefrog",0.154999982
"130",5.76e-06,"Soil",1.2973,"Imidacloprid",8,0,"HCI5",2.032637766,"PLE","rvm2015","Green treefrog",0.103564099
"131",1.99e-05,"Soil",2.18431,"Pendimethalin",8,0,"HCP1",12.43513533,"PLE","rvm2015","Green treefrog",0.106088831
"132",1.99e-05,"Soil",1.10908,"Pendimethalin",8,0,"HCP2",12.43513533,"PLE","rvm2015","Green treefrog",0.264552068
"133",1.99e-05,"Soil",2.55184,"Pendimethalin",8,0,"HCP3",12.43513533,"PLE","rvm2015","Green treefrog",0.285295401
"134",1.99e-05,"Soil",2.44681,"Pendimethalin",8,0,"HCP4",12.43513533,"PLE","rvm2015","Green treefrog",0.087572337
"135",1.99e-05,"Soil",2.26759,"Pendimethalin",8,0,"HCP5",12.43513533,"PLE","rvm2015","Green treefrog",0.083610081
"136",2.3e-05,"Soil",1.31617,"Total Atrazine",8,0,"HCA1",17.60923519,"PLE","rvm2015","Green treefrog",3.727357846
"137",2.3e-05,"Soil",1.8349,"Total Atrazine",8,0,"HCA2",17.60923519,"PLE","rvm2015","Green treefrog",3.065833762
"138",2.3e-05,"Soil",2.11135,"Total Atrazine",8,0,"HCA3",17.60923519,"PLE","rvm2015","Green treefrog",5.406937125
"139",2.3e-05,"Soil",1.88638,"Total Atrazine",8,0,"HCA4",17.60923519,"PLE","rvm2015","Green treefrog",3.651702998
"140",2.3e-05,"Soil",0.73631,"Total Atrazine",8,0,"HCA5",17.60923519,"PLE","rvm2015","Green treefrog",2.867269263
"141",1.06e-06,"Soil",1.69128,"Total Fipronil",8,0,"HCF1",2.804569298,"PLE","rvm2015","Green treefrog",0.197411795
"142",1.06e-06,"Soil",2.0466,"Total Fipronil",8,0,"HCF2",2.804569298,"PLE","rvm2015","Green treefrog",0.111496024
"143",1.06e-06,"Soil",2.34143,"Total Fipronil",8,0,"HCF3",2.804569298,"PLE","rvm2015","Green treefrog",0.061188744
"144",1.06e-06,"Soil",1.05281,"Total Fipronil",8,0,"HCF4",2.804569298,"PLE","rvm2015","Green treefrog",0.427601059
"145",1.06e-06,"Soil",1.01293,"Total Fipronil",8,0,"HCF5",2.804569298,"PLE","rvm2015","Green treefrog",0.261173889
"146",2.71e-06,"Soil",1.26341,"Total Triadimefon",8,0,"HCT1",5.245912662,"PLE","rvm2015","Green treefrog",0.273380103
"147",2.71e-06,"Soil",1.56597,"Total Triadimefon",8,0,"HCT2",5.245912662,"PLE","rvm2015","Green treefrog",0.393093957
"148",2.71e-06,"Soil",1.34966,"Total Triadimefon",8,0,"HCT3",5.245912662,"PLE","rvm2015","Green treefrog",0.151943337
"149",2.71e-06,"Soil",1.4684,"Total Triadimefon",8,0,"HCT4",5.245912662,"PLE","rvm2015","Green treefrog",0.495725615
"150",2.71e-06,"Soil",2.15294,"Total Triadimefon",8,0,"HCT5",5.245912662,"PLE","rvm2015","Green treefrog",0.557152367
"151",2e-05,"Soil",1.2242,"Pendimethalin",8,0,"LFP1",17.57581532,"PLE","rvm2015","Leopard frog",0.131424428
"152",2e-05,"Soil",2.64224,"Pendimethalin",8,0,"LFP2",17.57581532,"PLE","rvm2015","Leopard frog",0.41907742
"153",2e-05,"Soil",2.90779,"Pendimethalin",8,0,"LFP3",17.57581532,"PLE","rvm2015","Leopard frog",0.092921182
"154",2e-05,"Soil",1.8955,"Pendimethalin",8,0,"LFP4",17.57581532,"PLE","rvm2015","Leopard frog",0.522692823
"155",2.31e-05,"Soil",1.74298,"Total Atrazine",8,0,"LFA1",21.53033266,"PLE","rvm2015","Leopard frog",3.440459903
"156",2.28e-05,"Soil",3.042,"Total Atrazine",8,0,"LFA2",21.53033266,"PLE","rvm2015","Leopard frog",6.098643762
"157",2.28e-05,"Soil",2.243,"Total Atrazine",8,0,"LFA3",21.53033266,"PLE","rvm2015","Leopard frog",4.385147102
"158",2.28e-05,"Soil",2.0197,"Total Atrazine",8,0,"LFA4",21.53033266,"PLE","rvm2015","Leopard frog",5.751047214
"159",1.12e-06,"Soil",3.07228,"Total Fipronil",8,0,"LFF1",3.156807044,"PLE","rvm2015","Leopard frog",0.474578788
"160",1.12e-06,"Soil",1.6105,"Total Fipronil",8,0,"LFF2",3.156807044,"PLE","rvm2015","Leopard frog",0.608410201
"161",1.12e-06,"Soil",1.29821,"Total Fipronil",8,0,"LFF3",3.156807044,"PLE","rvm2015","Leopard frog",0.37917811
"162",1.12e-06,"Soil",1.4102,"Total Fipronil",8,0,"LFF4",3.156807044,"PLE","rvm2015","Leopard frog",0.496870531
"163",2.81e-06,"Soil",2.11943,"Total Triadimefon",8,0,"LFT1",6.669240533,"PLE","rvm2015","Leopard frog",0.1766496
"164",2.81e-06,"Soil",3.13315,"Total Triadimefon",8,0,"LFT2",6.669240533,"PLE","rvm2015","Leopard frog",0.179231247
"165",2.81e-06,"Soil",3.32121,"Total Triadimefon",8,0,"LFT3",6.669240533,"PLE","rvm2015","Leopard frog",0.052193986
"166",2.81e-06,"Soil",1.44049,"Total Triadimefon",8,0,"LFT4",6.669240533,"PLE","rvm2015","Leopard frog",0.070844227
"167",2.02e-05,"Soil",2.58239,"Pendimethalin",8,0,"SP1",32.37428285,"PLE","rvm2015","Mole salamander",4.801958486
"168",2.02e-05,"Soil",1.87511,"Pendimethalin",8,0,"SP2",32.37428285,"PLE","rvm2015","Mole salamander",1.295372009
"169",2.02e-05,"Soil",2.07789,"Pendimethalin",8,0,"SP3",32.37428285,"PLE","rvm2015","Mole salamander",2.957076964
"170",2.02e-05,"Soil",3.99315,"Pendimethalin",8,0,"SP4",32.37428285,"PLE","rvm2015","Mole salamander",1.851006799
"171",2.02e-05,"Soil",2.0028,"Pendimethalin",8,0,"SP5",32.37428285,"PLE","rvm2015","Mole salamander",3.236333259
"172",2.3e-05,"Soil",2.93262,"Total Atrazine",8,0,"SA1",52.67554477,"PLE","rvm2015","Mole salamander",6.823400408
"173",2.3e-05,"Soil",3.53977,"Total Atrazine",8,0,"SA2",52.67554477,"PLE","rvm2015","Mole salamander",5.611314977
"174",2.3e-05,"Soil",1.14,"Total Atrazine",8,0,"SA3",52.67554477,"PLE","rvm2015","Mole salamander",5.443528911
"175",2.32e-05,"Soil",2.9446,"Total Atrazine",8,0,"SA4",81.7111506,"PLE","rvm2015","Mole salamander",2.748808693
"176",2.32e-05,"Soil",2.59184,"Total Atrazine",8,0,"SA5",81.7111506,"PLE","rvm2015","Mole salamander",2.620759616
"177",1.05e-06,"Soil",2.0321,"Total Fipronil",8,0,"SF1",4.53176306,"PLE","rvm2015","Mole salamander",0.49304269
"178",1.05e-06,"Soil",1.57444,"Total Fipronil",8,0,"SF2",4.53176306,"PLE","rvm2015","Mole salamander",1.117034512
"179",1.05e-06,"Soil",2.34673,"Total Fipronil",8,0,"SF3",4.53176306,"PLE","rvm2015","Mole salamander",1.105844253
"180",1.05e-06,"Soil",2.788,"Total Fipronil",8,0,"SF4",4.53176306,"PLE","rvm2015","Mole salamander",0.472718534
"181",1.05e-06,"Soil",1.75764,"Total Fipronil",8,0,"SF5",4.53176306,"PLE","rvm2015","Mole salamander",0.466888045
"182",2.87e-06,"Soil",2.42958,"Total Triadimefon",8,0,"ST1",6.136541259,"PLE","rvm2015","Mole salamander",1.119874054
"183",2.87e-06,"Soil",2.33583,"Total Triadimefon",8,0,"ST2",6.136541259,"PLE","rvm2015","Mole salamander",0.506757885
"184",2.87e-06,"Soil",1.92159,"Total Triadimefon",8,0,"ST3",6.136541259,"PLE","rvm2015","Mole salamander",0.23751407
"185",2.87e-06,"Soil",2.46557,"Total Triadimefon",8,0,"ST4",6.136541259,"PLE","rvm2015","Mole salamander",0.499320716
"186",2.87e-06,"Soil",2.68042,"Total Triadimefon",8,0,"ST5",6.136541259,"PLE","rvm2015","Mole salamander",0.322065257
"187",5.65e-06,"Soil",0.95183,"Imidacloprid",8,0,"NTI1",2.024466739,"PLE","rvm2015","Narrowmouth toad",0.294998693
"188",5.65e-06,"Soil",0.92942,"Imidacloprid",8,0,"NTI2",2.024466739,"PLE","rvm2015","Narrowmouth toad",0.395986198
"189",5.65e-06,"Soil",0.9349,"Imidacloprid",8,0,"NTI3",2.024466739,"PLE","rvm2015","Narrowmouth toad",0.214460025
"190",5.65e-06,"Soil",0.85968,"Imidacloprid",8,0,"NTI4",2.024466739,"PLE","rvm2015","Narrowmouth toad",0.319810784
"191",5.65e-06,"Soil",1.24292,"Imidacloprid",8,0,"NTI5",2.024466739,"PLE","rvm2015","Narrowmouth toad",0.49063891
"192",2.72e-06,"Soil",1.09861,"Total Triadimefon",8,0,"NTT1",6.241574746,"PLE","rvm2015","Narrowmouth toad",0.479349927
"193",2.72e-06,"Soil",0.8174,"Total Triadimefon",8,0,"NTT2",6.241574746,"PLE","rvm2015","Narrowmouth toad",0.318840389
"194",2.72e-06,"Soil",0.81689,"Total Triadimefon",8,0,"NTT3",6.241574746,"PLE","rvm2015","Narrowmouth toad",0.459769244
"195",2.72e-06,"Soil",0.79306,"Total Triadimefon",8,0,"NTT4",6.241574746,"PLE","rvm2015","Narrowmouth toad",0.447331937
"196",2.72e-06,"Soil",0.79105,"Total Triadimefon",8,0,"NTT5",6.241574746,"PLE","rvm2015","Narrowmouth toad",0.379035618
"197",2.29e-05,"Indirect",13.1831,"ATZTOT",8,0,"2_1_A",22.87721442,"PLE","rvm2016","American toad",0.337135483
"198",2.29e-05,"Indirect",15.8694,"ATZTOT",8,0,"2_1_H",39.57404439,"PLE","rvm2016","American toad",1.227227091
"199",2.29e-05,"Indirect",8.3884,"ATZTOT",8,0,"2_3_C",19.10798205,"PLE","rvm2016","American toad",0.700940082
"200",2.29e-05,"Indirect",14.5384,"ATZTOT",8,0,"2_5_C",16.62668626,"PLE","rvm2016","American toad",0.367019464
"201",2.29e-05,"Indirect",16.4296,"ATZTOT",8,0,"2_6_F",28.51661365,"PLE","rvm2016","American toad",0.35231843
"202",2.29e-05,"Indirect",16.59,"ATZTOT",8,0,"2_7_B",33.99919952,"PLE","rvm2016","American toad",0.818657056
"203",2.29e-05,"Indirect",9.5568,"ATZTOT",8,0,"2_1_B",29.78251321,"OLS","rvm2016","American toad",0.565666776
"204",2.29e-05,"Indirect",12.3541,"ATZTOT",8,0,"2_2_F",17.87349815,"OLS","rvm2016","American toad",2.185564918
"205",2.29e-05,"Indirect",11.1447,"ATZTOT",8,0,"2_2_I",16.59253376,"OLS","rvm2016","American toad",1.460641759
"206",2.29e-05,"Indirect",11.9615,"ATZTOT",8,0,"2_4_B",12.29392621,"OLS","rvm2016","American toad",0.521202693
"207",2.29e-05,"Indirect",17.3882,"ATZTOT",8,0,"2_5_H",21.6577354,"OLS","rvm2016","American toad",0.525601376
"208",2.29e-05,"Indirect",11.7687,"ATZTOT",8,0,"2_7_E",29.25664048,"OLS","rvm2016","American toad",6.443801458
"209",2.29e-05,"Indirect",10.5239,"ATZTOT",8,1,"2_1_D",23.57654351,"PLE","rvm2016","American toad",0.867924815
"210",2.29e-05,"Indirect",14.6051,"ATZTOT",8,1,"2_1_F",23.85857164,"PLE","rvm2016","American toad",0.560925254
"211",2.29e-05,"Indirect",16.9753,"ATZTOT",8,1,"2_2_D",21.82224207,"PLE","rvm2016","American toad",0.572604017
"212",2.29e-05,"Indirect",12.6029,"ATZTOT",8,1,"2_5_D",22.10602964,"PLE","rvm2016","American toad",0.357537561
"213",2.29e-05,"Indirect",11.4693,"ATZTOT",8,1,"2_6_B",18.47118347,"PLE","rvm2016","American toad",0.525853638
"214",2.29e-05,"Indirect",11.7396,"ATZTOT",8,1,"2_6_F",8.640551756,"PLE","rvm2016","American toad",1.29826811
"215",2.29e-05,"Indirect",11.0822,"ATZTOT",8,1,"2_1_E",14.25437079,"OLS","rvm2016","American toad",1.138952601
"216",2.29e-05,"Indirect",10.069,"ATZTOT",8,1,"2_2_G",19.5060604,"OLS","rvm2016","American toad",2.05354599
"217",2.29e-05,"Indirect",11.0174,"ATZTOT",8,1,"2_4_I",18.1116732,"OLS","rvm2016","American toad",0.463586698
"218",2.29e-05,"Indirect",12.3638,"ATZTOT",8,1,"2_5_A",18.50933254,"OLS","rvm2016","American toad",0.398005502
"219",2.29e-05,"Indirect",10.1878,"ATZTOT",8,1,"2_5_G",7.936778913,"OLS","rvm2016","American toad",0.428099849
"220",2.29e-05,"Indirect",11.5272,"ATZTOT",8,1,"2_7_D",16.94936678,"OLS","rvm2016","American toad",0.478180697
"221",5.7e-06,"Indirect",13.986,"Imid",8,0,"2_1_I",0.970934893,"PLE","rvm2016","American toad",0.018120187
"222",5.7e-06,"Indirect",18.1095,"Imid",8,0,"2_2_B",1.646094454,"PLE","rvm2016","American toad",0.050150934
"223",5.7e-06,"Indirect",8,"Imid",8,0,"2_5_I",1.347997271,"PLE","rvm2016","American toad",0.062813074
"224",5.7e-06,"Indirect",13.1817,"Imid",8,0,"2_6_C",0.205311904,"PLE","rvm2016","American toad",0.015920471
"225",5.7e-06,"Indirect",12.9241,"Imid",8,0,"2_6_E",2.997491181,"PLE","rvm2016","American toad",0.074721574
"226",5.7e-06,"Indirect",13.0377,"Imid",8,0,"2_7_I",0.785382305,"PLE","rvm2016","American toad",0.019896995
"227",5.7e-06,"Indirect",10.7167,"Imid",8,0,"2_2_A",1.293386968,"OLS","rvm2016","American toad",0.022283481
"228",5.7e-06,"Indirect",13.3005,"Imid",8,0,"2_2_C",0.727272814,"OLS","rvm2016","American toad",0.06442277
"229",5.7e-06,"Indirect",9.7913,"Imid",8,0,"2_4_A",1.123159241,"OLS","rvm2016","American toad",0.018261231
"230",5.7e-06,"Indirect",6.9639,"Imid",8,0,"2_4_G",1.0194954,"OLS","rvm2016","American toad",0.025467962
"231",5.7e-06,"Indirect",12.9804,"Imid",8,0,"2_6_I",1.035391151,"OLS","rvm2016","American toad",0.019752402
"232",5.7e-06,"Indirect",14.0828,"Imid",8,0,"2_7_F",0.478487305,"OLS","rvm2016","American toad",0.061677525
"233",1.1e-06,"Indirect",10.7426,"FipTOT",8,0,"3_1_A",1.725175021,"PLE","rvm2016","American toad",0.0321181
"234",1.1e-06,"Indirect",10.8321,"FipTOT",8,0,"3_1_I",1.34295,"PLE","rvm2016","American toad",0.16419294
"235",1.1e-06,"Indirect",23.3405,"FipTOT",8,0,"3_4_H",2.117466169,"PLE","rvm2016","American toad",0.113813046
"236",1.1e-06,"Indirect",11.3478,"FipTOT",8,0,"3_7_A",2.339183226,"PLE","rvm2016","American toad",0.055741733
"237",1.1e-06,"Indirect",11.2404,"FipTOT",8,0,"3_7_C",1.530006724,"PLE","rvm2016","American toad",0.129413289
"238",1.1e-06,"Indirect",7.3804,"FipTOT",8,0,"3_7_E",1.636974629,"PLE","rvm2016","American toad",0.035164703
"239",1.1e-06,"Indirect",8.5539,"FipTOT",8,0,"3_2_G",0.717592235,"OLS","rvm2016","American toad",0.16426118
"240",1.1e-06,"Indirect",12.178,"FipTOT",8,0,"3_3_A",1.047219343,"OLS","rvm2016","American toad",0.021762222
"241",1.1e-06,"Indirect",11.465,"FipTOT",8,0,"3_5_B",1.281327696,"OLS","rvm2016","American toad",0.114864224
"242",1.1e-06,"Indirect",13.1914,"FipTOT",8,0,"3_6_C",1.220139993,"OLS","rvm2016","American toad",0.208656204
"243",1.1e-06,"Indirect",11.7796,"FipTOT",8,0,"3_6_G",1.103307511,"OLS","rvm2016","American toad",0.230546973
"244",1.1e-06,"Indirect",9.0658,"FipTOT",8,0,"3_7_I",1.397009124,"OLS","rvm2016","American toad",0.210706877
"245",2.7e-06,"Indirect",12.4407,"TNDTOT",8,0,"0_1_B",5.213751666,"PLE","rvm2016","American toad",0.115492748
"246",2.7e-06,"Indirect",10.5903,"TNDTOT",8,0,"0_1_G",8.969771357,"PLE","rvm2016","American toad",0.089322481
"247",2.7e-06,"Indirect",13.9438,"TNDTOT",8,0,"0_2_F",5.190326785,"PLE","rvm2016","American toad",0.426705134
"248",2.7e-06,"Indirect",8.8434,"TNDTOT",8,0,"0_4_G",4.831822198,"PLE","rvm2016","American toad",0.119037947
"249",2.7e-06,"Indirect",9.5231,"TNDTOT",8,0,"0_5_C",3.108359096,"PLE","rvm2016","American toad",0.175676804
"250",2.7e-06,"Indirect",11.5642,"TNDTOT",8,0,"0_7_D",3.280654333,"PLE","rvm2016","American toad",0.165848057
"251",2.7e-06,"Indirect",13.2227,"TNDTOT",8,0,"0_2_B",3.389932459,"OLS","rvm2016","American toad",0.388854872
"252",2.7e-06,"Indirect",8.1326,"TNDTOT",8,0,"0_2_E",6.291932781,"OLS","rvm2016","American toad",0.369952253
"253",2.7e-06,"Indirect",10.8067,"TNDTOT",8,0,"0_2_I",4.692698035,"OLS","rvm2016","American toad",0.259962468
"254",2.7e-06,"Indirect",11.4182,"TNDTOT",8,0,"0_5_D",2.191303526,"OLS","rvm2016","American toad",0.486458171
"255",2.7e-06,"Indirect",12.0198,"TNDTOT",8,0,"0_6_I",6.594152401,"OLS","rvm2016","American toad",0.189434186
"256",2.7e-06,"Indirect",14.0841,"TNDTOT",8,0,"0_7_F",3.866282728,"OLS","rvm2016","American toad",0.273508383
"257",2.7e-06,"Indirect",15.0158,"TNDTOT",8,1,"0_1_C",3.806583386,"PLE","rvm2016","American toad",0.103279426
"258",2.7e-06,"Indirect",14.8152,"TNDTOT",8,1,"0_3_I",8.660951317,"PLE","rvm2016","American toad",0.071629345
"259",2.7e-06,"Indirect",13.8218,"TNDTOT",8,1,"3_4_A",2.629241417,"PLE","rvm2016","American toad",0.105756154
"260",2.7e-06,"Indirect",7.1089,"TNDTOT",8,1,"3_4_I",7.05712632,"PLE","rvm2016","American toad",0.026010568
"261",2.7e-06,"Indirect",7.9909,"TNDTOT",8,1,"3_6_A",5.763070813,"PLE","rvm2016","American toad",0.21362006
"262",2.7e-06,"Indirect",12.1126,"TNDTOT",8,1,"3_6_E",8.179491858,"PLE","rvm2016","American toad",0.141794761
"263",2.7e-06,"Indirect",11.4482,"TNDTOT",8,1,"3_1_H",3.623115759,"OLS","rvm2016","American toad",0.10558682
"264",2.7e-06,"Indirect",7.533,"TNDTOT",8,1,"3_3_C",6.887993016,"OLS","rvm2016","American toad",0.218474134
"265",2.7e-06,"Indirect",15.9483,"TNDTOT",8,1,"3_5_A",5.640249186,"OLS","rvm2016","American toad",0.119080734
"266",2.7e-06,"Indirect",10.4409,"TNDTOT",8,1,"3_6_B",3.11171161,"OLS","rvm2016","American toad",0.474085035
"267",2.7e-06,"Indirect",11.141,"TNDTOT",8,1,"3_6_D",3.832105687,"OLS","rvm2016","American toad",0.142626446
"268",2.7e-06,"Indirect",12.2923,"TNDTOT",8,1,"3_7_G",5.388595843,"OLS","rvm2016","American toad",0.04358855
"269",6.98e-05,"Indirect",7.5145,"Pendi",8,0,"3_2_G",10.58560279,"PLE","rvm2016","American toad",5.199951046
"270",6.98e-05,"Indirect",13.2906,"Pendi",8,0,"3_3_D",12.26733887,"PLE","rvm2016","American toad",1.811674231
"271",6.98e-05,"Indirect",10.0699,"Pendi",8,0,"3_3_H",13.10595638,"PLE","rvm2016","American toad",3.993612884
"272",6.98e-05,"Indirect",13.469,"Pendi",8,0,"3_4_B",22.90681995,"PLE","rvm2016","American toad",1.38470843
"273",6.98e-05,"Indirect",11.8384,"Pendi",8,0,"3_5_F",20.31371332,"PLE","rvm2016","American toad",2.758089025
"274",6.98e-05,"Indirect",11.6099,"Pendi",8,0,"3_7_H",8.079352476,"PLE","rvm2016","American toad",2.539315815
"275",6.98e-05,"Indirect",8.7943,"Pendi",8,0,"3_1_E",8.780199562,"OLS","rvm2016","American toad",2.917259067
"276",6.98e-05,"Indirect",12.498,"Pendi",8,0,"3_3_B",11.00768858,"OLS","rvm2016","American toad",4.729568549
"277",6.98e-05,"Indirect",14.8081,"Pendi",8,0,"3_3_G",6.310025314,"OLS","rvm2016","American toad",6.874438593
"278",6.98e-05,"Indirect",13.4299,"Pendi",8,0,"3_5_E",10.01366331,"OLS","rvm2016","American toad",1.492402712
"279",6.98e-05,"Indirect",13.5552,"Pendi",8,0,"3_5_H",13.91754836,"OLS","rvm2016","American toad",1.888097365
"280",6.98e-05,"Indirect",8.3589,"Pendi",8,0,"3_5_I",17.79580859,"OLS","rvm2016","American toad",4.287971426
"281",6.98e-05,"Indirect",13.5285,"Pendi",8,1,"0_1_A",8.724259234,"PLE","rvm2016","American toad",2.879433002
"282",6.98e-05,"Indirect",13.7458,"Pendi",8,1,"0_1_I",11.64651601,"PLE","rvm2016","American toad",3.750781295
"283",6.98e-05,"Indirect",11.4246,"Pendi",8,1,"0_4_H",11.21634881,"PLE","rvm2016","American toad",2.648653905
"284",6.98e-05,"Indirect",10.0043,"Pendi",8,1,"0_7_A",5.697537118,"PLE","rvm2016","American toad",2.314244032
"285",6.98e-05,"Indirect",13.4038,"Pendi",8,1,"1_7_C",6.758968643,"PLE","rvm2016","American toad",0.896933721
"286",6.98e-05,"Indirect",10.5726,"Pendi",8,1,"1_7_E",14.91187384,"PLE","rvm2016","American toad",5.703493109
"287",6.98e-05,"Indirect",17.4496,"Pendi",8,1,"1_2_G",16.05643523,"OLS","rvm2016","American toad",0.875538299
"288",6.98e-05,"Indirect",13.6417,"Pendi",8,1,"1_3_A",24.88780061,"OLS","rvm2016","American toad",1.356762725
"289",6.98e-05,"Indirect",9.9412,"Pendi",8,1,"1_5_B",10.84702222,"OLS","rvm2016","American toad",3.719878758
"290",6.98e-05,"Indirect",16.3062,"Pendi",8,1,"1_6_C",5.135481376,"OLS","rvm2016","American toad",1.277680298
"291",6.98e-05,"Indirect",11.3268,"Pendi",8,1,"1_6_G",8.871930181,"OLS","rvm2016","American toad",1.648936582
"292",6.98e-05,"Indirect",10.2275,"Pendi",8,1,"1_7_I",14.06687759,"OLS","rvm2016","American toad",1.540378381
"293",2.395e-05,"Indirect",1.8401,"atrazine",8,0,"LFA0-1",10.28385855,"PLE","dag_dehydration","LF",2.579782807
"294",2.395e-05,"Indirect",2.8486,"atrazine",8,0,"LFA0-2",10.04358875,"PLE","dag_dehydration","LF",1.691182353
"295",2.395e-05,"Indirect",2.307,"atrazine",8,0,"LFA0-3",10.18871524,"PLE","dag_dehydration","LF",12.52319717
"296",2.395e-05,"Indirect",2.2679,"atrazine",8,0,"LFA0-4",9.401012307,"PLE","dag_dehydration","LF",2.970273811
"297",2.395e-05,"Indirect",2.1439,"atrazine",8,0,"LFA0-5",9.516150521,"PLE","dag_dehydration","LF",8.050942336
"298",2.395e-05,"Indirect",1.8628,"atrazine",8,0,"LFA0-6",9.708402094,"PLE","dag_dehydration","LF",7.478230678
"299",2.395e-05,"Indirect",3.039,"atrazine",8,0,"LFA2-1",9.403882995,"PLE","dag_dehydration","LF",2.186808836
"300",2.395e-05,"Indirect",2.0345,"atrazine",8,0,"LFA2-2",12.1209408,"PLE","dag_dehydration","LF",5.338854395
"301",2.395e-05,"Indirect",2.196,"atrazine",8,0,"LFA2-3",9.820321561,"PLE","dag_dehydration","LF",1.693429589
"302",2.395e-05,"Indirect",2.6681,"atrazine",8,0,"LFA2-4",13.65865567,"PLE","dag_dehydration","LF",8.968187875
"303",2.395e-05,"Indirect",2.3648,"atrazine",8,0,"LFA2-5",13.82500689,"PLE","dag_dehydration","LF",1.454206808
"304",2.395e-05,"Indirect",1.9188,"atrazine",8,0,"LFA2-6",6.981617026,"PLE","dag_dehydration","LF",1.718054357
"305",2.395e-05,"Indirect",2.3476,"atrazine",8,0,"LFA4-1",8.71398867,"PLE","dag_dehydration","LF",1.715569485
"306",2.395e-05,"Indirect",2.6426,"atrazine",8,0,"LFA4-2",10.31826446,"PLE","dag_dehydration","LF",6.984378843
"307",2.395e-05,"Indirect",2.4232,"atrazine",8,0,"LFA4-3",9.424200962,"PLE","dag_dehydration","LF",6.344470461
"308",2.395e-05,"Indirect",2.445,"atrazine",8,0,"LFA4-4",8.210686345,"PLE","dag_dehydration","LF",5.22674822
"309",2.395e-05,"Indirect",2.948,"atrazine",8,0,"LFA4-5",12.47499464,"PLE","dag_dehydration","LF",6.179038725
"310",2.395e-05,"Indirect",1.6108,"atrazine",8,0,"LFA4-6",17.10511501,"PLE","dag_dehydration","LF",6.938256641
"311",2.395e-05,"Indirect",2.1958,"atrazine",8,0,"LFA6-1",15.28179321,"PLE","dag_dehydration","LF",10.56528408
"312",2.395e-05,"Indirect",1.2869,"atrazine",8,0,"LFA6-2",15.71271657,"PLE","dag_dehydration","LF",3.335388968
"313",2.395e-05,"Indirect",2.1608,"atrazine",8,0,"LFA6-3",9.706286223,"PLE","dag_dehydration","LF",2.457491841
"314",2.395e-05,"Indirect",1.6483,"atrazine",8,0,"LFA6-4",16.37966534,"PLE","dag_dehydration","LF",3.983431248
"315",2.395e-05,"Indirect",1.8843,"atrazine",8,0,"LFA6-5",10.61265033,"PLE","dag_dehydration","LF",2.391884077
"316",2.395e-05,"Indirect",2.469,"atrazine",8,0,"LFA6-6",12.59011285,"PLE","dag_dehydration","LF",11.18965486
"317",2.395e-05,"Indirect",3.1323,"atrazine",8,0,"LFA8-1",12.46770392,"PLE","dag_dehydration","LF",2.162953353
"318",2.395e-05,"Indirect",2.2558,"atrazine",8,0,"LFA8-2",10.90836606,"PLE","dag_dehydration","LF",1.650446686
"319",2.395e-05,"Indirect",1.446,"atrazine",8,0,"LFA8-3",13.47173605,"PLE","dag_dehydration","LF",6.76940713
"320",2.395e-05,"Indirect",2.0923,"atrazine",8,0,"LFA8-4",10.84867262,"PLE","dag_dehydration","LF",6.916300496
"321",2.395e-05,"Indirect",2.1607,"atrazine",8,0,"LFA8-5",9.786848989,"PLE","dag_dehydration","LF",5.647878305
"322",2.395e-05,"Indirect",1.8342,"atrazine",8,0,"LFA8-6",12.68276321,"PLE","dag_dehydration","LF",5.714846427
"323",2.395e-05,"Indirect",2.4663,"atrazine",8,0,"LFA10-1",7.717010983,"PLE","dag_dehydration","LF",3.480676652
"324",2.395e-05,"Indirect",2.0268,"atrazine",8,0,"LFA10-2",9.412734091,"PLE","dag_dehydration","LF",1.886771004
"325",2.395e-05,"Indirect",2.2651,"atrazine",8,0,"LFA10-3",12.23989264,"PLE","dag_dehydration","LF",10.2979071
"326",2.395e-05,"Indirect",2.3059,"atrazine",8,0,"LFA10-4",11.84987009,"PLE","dag_dehydration","LF",8.724901716
"327",2.395e-05,"Indirect",2.2861,"atrazine",8,0,"LFA10-5",8.395562665,"PLE","dag_dehydration","LF",1.892744068
"328",2.395e-05,"Indirect",2.2728,"atrazine",8,0,"LFA10-6",7.01665685,"PLE","dag_dehydration","LF",3.632494432
"329",4.43e-05,"Indirect",2.9374,"chloro+d",8,0,"LFCl0-1",97.54771792,"PLE","dag_dehydration","LF",0.049534914
"330",4.43e-05,"Indirect",3.6896,"chloro+d",8,0,"LFCl0-2",105.2068112,"PLE","dag_dehydration","LF",0.09431606
"331",4.43e-05,"Indirect",2.5049,"chloro+d",8,0,"LFCl0-3",104.0471325,"PLE","dag_dehydration","LF",0.065894674
"332",4.43e-05,"Indirect",3.0961,"chloro+d",8,0,"LFCl0-4",87.83391191,"PLE","dag_dehydration","LF",0.066735354
"333",4.43e-05,"Indirect",3.3543,"chloro+d",8,0,"LFCl0-5",85.2705886,"PLE","dag_dehydration","LF",0.05459792
"334",4.43e-05,"Indirect",2.9449,"chloro+d",8,0,"LFCl0-6",110.2800296,"PLE","dag_dehydration","LF",0.110663384
"335",4.43e-05,"Indirect",2.982,"chloro+d",8,0,"LFCl2-1",124.7136025,"PLE","dag_dehydration","LF",0.034119313
"336",4.43e-05,"Indirect",1.1766,"chloro+d",8,0,"LFCl2-2",93.83616294,"PLE","dag_dehydration","LF",0.137711222
"337",4.43e-05,"Indirect",2.5677,"chloro+d",8,0,"LFCl2-3",131.9151605,"PLE","dag_dehydration","LF",0.038844494
"338",4.43e-05,"Indirect",3.9146,"chloro+d",8,0,"LFCl2-4",238.150189,"PLE","dag_dehydration","LF",0.034159045
"339",4.43e-05,"Indirect",2.4102,"chloro+d",8,0,"LFCl2-5",126.1421937,"PLE","dag_dehydration","LF",0.189112734
"340",4.43e-05,"Indirect",2.5335,"chloro+d",8,0,"LFCl2-6",93.01431818,"PLE","dag_dehydration","LF",0.073108651
"341",4.43e-05,"Indirect",2.1336,"chloro+d",8,0,"LFCl4-1",54.02956223,"PLE","dag_dehydration","LF",0.046410221
"342",4.43e-05,"Indirect",1.3477,"chloro+d",8,0,"LFCl4-2",83.94471454,"PLE","dag_dehydration","LF",0.054321653
"343",4.43e-05,"Indirect",1.9212,"chloro+d",8,0,"LFCl4-3",95.16597984,"PLE","dag_dehydration","LF",0.047421024
"344",4.43e-05,"Indirect",2.2279,"chloro+d",8,0,"LFCl4-4",108.8411455,"PLE","dag_dehydration","LF",0.077330002
"345",4.43e-05,"Indirect",1.2642,"chloro+d",8,0,"LFCl4-5",107.8351603,"PLE","dag_dehydration","LF",0.061659489
"346",4.43e-05,"Indirect",2.5177,"chloro+d",8,0,"LFCl4-6",112.551148,"PLE","dag_dehydration","LF",0.075510303
"347",4.43e-05,"Indirect",2.6744,"chloro+d",8,0,"LFCl6-1",103.9346865,"PLE","dag_dehydration","LF",0.027463652
"348",4.43e-05,"Indirect",1.9014,"chloro+d",8,0,"LFCl6-2",133.1324122,"PLE","dag_dehydration","LF",0.051562219
"349",4.43e-05,"Indirect",1.8824,"chloro+d",8,0,"LFCl6-3",177.201436,"PLE","dag_dehydration","LF",0.177693722
"350",4.43e-05,"Indirect",2.5356,"chloro+d",8,0,"LFCl6-4",80.2864709,"PLE","dag_dehydration","LF",0.029626977
"351",4.43e-05,"Indirect",1.9125,"chloro+d",8,0,"LFCl6-5",107.9943699,"PLE","dag_dehydration","LF",0.040356887
"352",4.43e-05,"Indirect",1.6813,"chloro+d",8,0,"LFCl6-6",75.82071048,"PLE","dag_dehydration","LF",0.048697065
"353",4.43e-05,"Indirect",3.1849,"chloro+d",8,0,"LFCl8-1",98.34669015,"PLE","dag_dehydration","LF",0.100520033
"354",4.43e-05,"Indirect",2.1473,"chloro+d",8,0,"LFCl8-2",55.30487111,"PLE","dag_dehydration","LF",0.066249062
"355",4.43e-05,"Indirect",1.5919,"chloro+d",8,0,"LFCl8-3",68.31816412,"PLE","dag_dehydration","LF",0.135997717
"356",4.43e-05,"Indirect",1.8071,"chloro+d",8,0,"LFCl8-4",77.37304664,"PLE","dag_dehydration","LF",0.086171947
"357",4.43e-05,"Indirect",1.8675,"chloro+d",8,0,"LFCl8-5",86.4407278,"PLE","dag_dehydration","LF",0.039905604
"358",4.43e-05,"Indirect",2.3422,"chloro+d",8,0,"LFCl8-6",134.219346,"PLE","dag_dehydration","LF",0.07148401
"359",4.43e-05,"Indirect",2.8692,"chloro+d",8,0,"LFCl10-1",102.4324273,"PLE","dag_dehydration","LF",0.026595904
"360",4.43e-05,"Indirect",2.2261,"chloro+d",8,0,"LFCl10-2",56.13699941,"PLE","dag_dehydration","LF",0.033621317
"361",4.43e-05,"Indirect",3.3763,"chloro+d",8,0,"LFCl10-3",149.7004603,"PLE","dag_dehydration","LF",0.027361678
"362",4.43e-05,"Indirect",2.3394,"chloro+d",8,0,"LFCl10-4",69.83049,"PLE","dag_dehydration","LF",0.034005049
"363",4.43e-05,"Indirect",2.4226,"chloro+d",8,0,"LFCl10-5",51.56836737,"PLE","dag_dehydration","LF",0.074157011
"364",4.43e-05,"Indirect",2.5262,"chloro+d",8,0,"LFCl10-6",114.5675617,"PLE","dag_dehydration","LF",0.032016276
"365",3.101e-05,"Indirect",1.6635,"metol",8,0,"LFM0-1",40.64853462,"PLE","dag_dehydration","LF",4.267677087
"366",3.101e-05,"Indirect",2.0778,"metol",8,0,"LFM0-2",48.47519919,"PLE","dag_dehydration","LF",5.721956829
"367",3.101e-05,"Indirect",2.593,"metol",8,0,"LFM0-3",41.79217276,"PLE","dag_dehydration","LF",1.748897837
"368",3.101e-05,"Indirect",2.8358,"metol",8,0,"LFM0-4",24.38427683,"PLE","dag_dehydration","LF",0.806456941
"369",3.101e-05,"Indirect",1.8572,"metol",8,0,"LFM0-5",77.00037621,"PLE","dag_dehydration","LF",10.63925511
"370",3.101e-05,"Indirect",1.121,"metol",8,0,"LFM0-6",48.49721515,"PLE","dag_dehydration","LF",3.688639048
"371",3.101e-05,"Indirect",2.2456,"metol",8,0,"LFM2-1",21.427727,"PLE","dag_dehydration","LF",1.640306185
"372",3.101e-05,"Indirect",2.4944,"metol",8,0,"LFM2-2",25.33585131,"PLE","dag_dehydration","LF",5.639864337
"373",3.101e-05,"Indirect",2.5987,"metol",8,0,"LFM2-3",22.98479209,"PLE","dag_dehydration","LF",0.985224834
"374",3.101e-05,"Indirect",2.0734,"metol",8,0,"LFM2-4",28.23363196,"PLE","dag_dehydration","LF",1.159396793
"375",3.101e-05,"Indirect",1.9886,"metol",8,0,"LFM2-5",27.78584836,"PLE","dag_dehydration","LF",2.57235133
"376",3.101e-05,"Indirect",2.7615,"metol",8,0,"LFM2-6",25.00006343,"PLE","dag_dehydration","LF",3.19002649
"377",3.101e-05,"Indirect",1.8156,"metol",8,0,"LFM4-1",19.25500126,"PLE","dag_dehydration","LF",2.3898984
"378",3.101e-05,"Indirect",3.0818,"metol",8,0,"LFM4-2",25.00425435,"PLE","dag_dehydration","LF",1.780858408
"379",3.101e-05,"Indirect",2.8691,"metol",8,0,"LFM4-3",16.93924625,"PLE","dag_dehydration","LF",1.08822026
"380",3.101e-05,"Indirect",2.2879,"metol",8,0,"LFM4-4",19.02585998,"PLE","dag_dehydration","LF",1.829340286
"381",3.101e-05,"Indirect",2.746,"metol",8,0,"LFM4-5",30.3513881,"PLE","dag_dehydration","LF",2.345929412
"382",3.101e-05,"Indirect",2.2357,"metol",8,0,"LFM4-6",23.64525737,"PLE","dag_dehydration","LF",5.291092536
"383",3.101e-05,"Indirect",2.9968,"metol",8,0,"LFM6-1",16.91928433,"PLE","dag_dehydration","LF",2.100173605
"384",3.101e-05,"Indirect",2.5795,"metol",8,0,"LFM6-2",22.04401189,"PLE","dag_dehydration","LF",1.114810193
"385",3.101e-05,"Indirect",2.5535,"metol",8,0,"LFM6-3",23.36243329,"PLE","dag_dehydration","LF",1.378698045
"386",3.101e-05,"Indirect",1.8,"metol",8,0,"LFM6-4",23.06676914,"PLE","dag_dehydration","LF",2.253704813
"387",3.101e-05,"Indirect",2.2348,"metol",8,0,"LFM6-5",24.42190264,"PLE","dag_dehydration","LF",5.376753972
"388",3.101e-05,"Indirect",1.7367,"metol",8,0,"LFM6-6",21.24319583,"PLE","dag_dehydration","LF",1.702141197
"389",3.101e-05,"Indirect",2.8781,"metol",8,0,"LFM8-1",18.25491609,"PLE","dag_dehydration","LF",1.181846159
"390",3.101e-05,"Indirect",3.0126,"metol",8,0,"LFM8-2",20.24836634,"PLE","dag_dehydration","LF",0.746445245
"391",3.101e-05,"Indirect",2.2216,"metol",8,0,"LFM8-3",21.33112732,"PLE","dag_dehydration","LF",6.060241405
"392",3.101e-05,"Indirect",2.076,"metol",8,0,"LFM8-4",24.93070926,"PLE","dag_dehydration","LF",3.979074337
"393",3.101e-05,"Indirect",1.7311,"metol",8,0,"LFM8-5",21.60699195,"PLE","dag_dehydration","LF",0.90171309
"394",3.101e-05,"Indirect",2.016,"metol",8,0,"LFM8-6",30.64444223,"PLE","dag_dehydration","LF",3.452448894
"395",3.101e-05,"Indirect",2.0918,"metol",8,0,"LFM10-1",12.49664326,"PLE","dag_dehydration","LF",1.574839899
"396",3.101e-05,"Indirect",1.8813,"metol",8,0,"LFM10-2",29.0739971,"PLE","dag_dehydration","LF",1.123669198
"397",3.101e-05,"Indirect",2.2104,"metol",8,0,"LFM10-3",26.60999165,"PLE","dag_dehydration","LF",2.558654328
"398",3.101e-05,"Indirect",3.201,"metol",8,0,"LFM10-4",18.22540327,"PLE","dag_dehydration","LF",1.949552248
"399",3.101e-05,"Indirect",2.6894,"metol",8,0,"LFM10-5",25.62284834,"PLE","dag_dehydration","LF",2.179127319
"400",3.101e-05,"Indirect",2.3257,"metol",8,0,"LFM10-6",18.37523411,"PLE","dag_dehydration","LF",1.130277738
"401",2.91e-06,"Indirect",2.2852,"tdn",8,0,"LFT0-1",4.130434828,"PLE","dag_dehydration","LF",0.930939899
"402",2.91e-06,"Indirect",2.0488,"tdn",8,0,"LFT0-2",2.985716329,"PLE","dag_dehydration","LF",1.471139657
"403",2.91e-06,"Indirect",1.764,"tdn",8,0,"LFT0-3",1.642733275,"PLE","dag_dehydration","LF",0.829340824
"404",2.91e-06,"Indirect",1.52467,"tdn",8,0,"LFT0-4",2.414613283,"PLE","dag_dehydration","LF",0.833541754
"405",2.91e-06,"Indirect",1.1919,"tdn",8,0,"LFT0-5",5.771808013,"PLE","dag_dehydration","LF",0.62294824
"406",2.91e-06,"Indirect",2.5988,"tdn",8,0,"LFT0-6",1.937626035,"PLE","dag_dehydration","LF",0.78432732
"407",2.91e-06,"Indirect",1.2971,"tdn",8,0,"LFT2-1",2.271520449,"PLE","dag_dehydration","LF",1.110827258
"408",2.91e-06,"Indirect",1.7873,"tdn",8,0,"LFT2-2",4.918286446,"PLE","dag_dehydration","LF",0.723150994
"409",2.91e-06,"Indirect",2.1663,"tdn",8,0,"LFT2-3",5.681194498,"PLE","dag_dehydration","LF",0.72766123
"410",2.91e-06,"Indirect",2.631,"tdn",8,0,"LFT2-4",3.706855988,"PLE","dag_dehydration","LF",0.680213893
"411",2.91e-06,"Indirect",1.7103,"tdn",8,0,"LFT2-5",7.040172007,"PLE","dag_dehydration","LF",1.064277918
"412",2.91e-06,"Indirect",1.8285,"tdn",8,0,"LFT2-6",5.554855056,"PLE","dag_dehydration","LF",0.368484816
"413",2.91e-06,"Indirect",1.5065,"tdn",8,0,"LFT4-1",2.032910322,"PLE","dag_dehydration","LF",0.635182857
"414",2.91e-06,"Indirect",1.5337,"tdn",8,0,"LFT4-2",4.664332334,"PLE","dag_dehydration","LF",0.572624649
"415",2.91e-06,"Indirect",1.842,"tdn",8,0,"LFT4-3",2.734473466,"PLE","dag_dehydration","LF",0.504992098
"416",2.91e-06,"Indirect",1.5188,"tdn",8,0,"LFT4-4",2.622252408,"PLE","dag_dehydration","LF",0.46549435
"417",2.91e-06,"Indirect",2.1926,"tdn",8,0,"LFT4-5",4.132548212,"PLE","dag_dehydration","LF",0.509286041
"418",2.91e-06,"Indirect",1.6119,"tdn",8,0,"LFT4-6",3.806634854,"PLE","dag_dehydration","LF",0.284854462
"419",2.91e-06,"Indirect",1.5704,"tdn",8,0,"LFT6-1",4.202597231,"PLE","dag_dehydration","LF",0.62355419
"420",2.91e-06,"Indirect",1.6677,"tdn",8,0,"LFT6-2",4.502512043,"PLE","dag_dehydration","LF",0.938534356
"421",2.91e-06,"Indirect",2.5715,"tdn",8,0,"LFT6-3",2.790064544,"PLE","dag_dehydration","LF",0.959499205
"422",2.91e-06,"Indirect",2.3475,"tdn",8,0,"LFT6-4",3.966455208,"PLE","dag_dehydration","LF",0.910419362
"423",2.91e-06,"Indirect",1.4964,"tdn",8,0,"LFT6-5",2.731170077,"PLE","dag_dehydration","LF",0.867963913
"424",2.91e-06,"Indirect",2.0291,"tdn",8,0,"LFT6-6",3.617116849,"PLE","dag_dehydration","LF",0.734727511
"425",2.91e-06,"Indirect",2.7226,"tdn",8,0,"LFT8-1",3.153568431,"PLE","dag_dehydration","LF",0.613327957
"426",2.91e-06,"Indirect",2.5539,"tdn",8,0,"LFT8-2",4.090939835,"PLE","dag_dehydration","LF",0.411175415
"427",2.91e-06,"Indirect",1.7762,"tdn",8,0,"LFT8-3",4.910453014,"PLE","dag_dehydration","LF",0.200725621
"428",2.91e-06,"Indirect",1.649,"tdn",8,0,"LFT8-4",3.7801442,"PLE","dag_dehydration","LF",0.284065308
"429",2.91e-06,"Indirect",1.0845,"tdn",8,0,"LFT8-5",4.037190801,"PLE","dag_dehydration","LF",1.106344271
"430",2.91e-06,"Indirect",1.7104,"tdn",8,0,"LFT8-6",2.929395097,"PLE","dag_dehydration","LF",0.710860385
"431",2.91e-06,"Indirect",0.9303,"tdn",8,0,"LFT10-1",3.532352552,"PLE","dag_dehydration","LF",0.41777656
"432",2.91e-06,"Indirect",1.3548,"tdn",8,0,"LFT10-2",2.533600442,"PLE","dag_dehydration","LF",0.60216825
"433",2.91e-06,"Indirect",1.9138,"tdn",8,0,"LFT10-3",2.598936796,"PLE","dag_dehydration","LF",0.560831784
"434",2.91e-06,"Indirect",2.1421,"tdn",8,0,"LFT10-4",2.560020486,"PLE","dag_dehydration","LF",0.687153909
"435",2.91e-06,"Indirect",1.5553,"tdn",8,0,"LFT10-5",3.946266825,"PLE","dag_dehydration","LF",0.654064226
"436",2.91e-06,"Indirect",1.4596,"tdn",8,0,"LFT10-6",2.772104224,"PLE","dag_dehydration","LF",0.489223561
"437",5.39e-06,"Indirect",1.2582,"imid",8,0,"LFI0-1",0.796630992,"PLE","dag_dehydration","LF",0.73148169
"438",5.39e-06,"Indirect",1.8819,"imid",8,0,"LFI0-2",0.73091969,"PLE","dag_dehydration","LF",1.058790605
"439",5.39e-06,"Indirect",1.0559,"imid",8,0,"LFI0-3",1.951106685,"PLE","dag_dehydration","LF",0.729321829
"440",5.39e-06,"Indirect",1.8364,"imid",8,0,"LFI0-4",1.440136114,"PLE","dag_dehydration","LF",0.813666458
"441",5.39e-06,"Indirect",1.0553,"imid",8,0,"LFI0-5",1.070180372,"PLE","dag_dehydration","LF",0.607467098
"442",5.39e-06,"Indirect",1.2669,"imid",8,0,"LFI0-6",0.872011851,"PLE","dag_dehydration","LF",0.588522987
"443",5.39e-06,"Indirect",1.3821,"imid",8,0,"LFI2-1",2.471016152,"PLE","dag_dehydration","LF",0.378511527
"444",5.39e-06,"Indirect",2.0607,"imid",8,0,"LFI2-2",1.977314477,"PLE","dag_dehydration","LF",0.515549221
"445",5.39e-06,"Indirect",2.613,"imid",8,0,"LFI2-3",1.728533516,"PLE","dag_dehydration","LF",0.247500973
"446",5.39e-06,"Indirect",1.1331,"imid",8,0,"LFI2-4",0.687118856,"PLE","dag_dehydration","LF",0.706206114
"447",5.39e-06,"Indirect",1.7318,"imid",8,0,"LFI2-5",0.578877665,"PLE","dag_dehydration","LF",0.245622417
"448",5.39e-06,"Indirect",1.3617,"imid",8,0,"LFI2-6",1.906194111,"PLE","dag_dehydration","LF",0.393655166
"449",5.39e-06,"Indirect",1.4804,"imid",8,0,"LFI4-1",0.208026343,"PLE","dag_dehydration","LF",0.326749679
"450",5.39e-06,"Indirect",2.2314,"imid",8,0,"LFI4-2",1.64100778,"PLE","dag_dehydration","LF",0.356860152
"451",5.39e-06,"Indirect",1.9358,"imid",8,0,"LFI4-3",0.555449529,"PLE","dag_dehydration","LF",1.073747665
"452",5.39e-06,"Indirect",1.5865,"imid",8,0,"LFI4-4",0.608288865,"PLE","dag_dehydration","LF",1.269010141
"453",5.39e-06,"Indirect",1.262,"imid",8,0,"LFI4-5",1.606632646,"PLE","dag_dehydration","LF",0.377722198
"454",5.39e-06,"Indirect",1.6033,"imid",8,0,"LFI4-6",0.201720786,"PLE","dag_dehydration","LF",0.55755347
"455",5.39e-06,"Indirect",2.912,"imid",8,0,"LFI6-1",0.879358614,"PLE","dag_dehydration","LF",0.10171172
"456",5.39e-06,"Indirect",1.7892,"imid",8,0,"LFI6-2",0.655219548,"PLE","dag_dehydration","LF",0.65112938
"457",5.39e-06,"Indirect",3.7094,"imid",8,0,"LFI6-3",0.207025856,"PLE","dag_dehydration","LF",0.476857989
"458",5.39e-06,"Indirect",3.1881,"imid",8,0,"LFI6-4",0.871009475,"PLE","dag_dehydration","LF",0.325613627
"459",5.39e-06,"Indirect",1.6021,"imid",8,0,"LFI6-5",0.839527548,"PLE","dag_dehydration","LF",0.246360764
"460",5.39e-06,"Indirect",1.8193,"imid",8,0,"LFI6-6",0.631287079,"PLE","dag_dehydration","LF",1.581594004
"461",5.39e-06,"Indirect",2.0296,"imid",8,0,"LFI8-1",1.958668613,"PLE","dag_dehydration","LF",0.692484167
"462",5.39e-06,"Indirect",1.7363,"imid",8,0,"LFI8-2",0.934646981,"PLE","dag_dehydration","LF",0.424924938
"463",5.39e-06,"Indirect",2.1186,"imid",8,0,"LFI8-3",0.846438989,"PLE","dag_dehydration","LF",0.5739569
"464",5.39e-06,"Indirect",1.6878,"imid",8,0,"LFI8-4",0.321096879,"PLE","dag_dehydration","LF",0.204579215
"465",5.39e-06,"Indirect",1.0083,"imid",8,0,"LFI8-5",0.689399455,"PLE","dag_dehydration","LF",0.484179759
"466",5.39e-06,"Indirect",1.8333,"imid",8,0,"LFI8-6",0.566227325,"PLE","dag_dehydration","LF",0.405938147
"467",5.39e-06,"Indirect",1.5084,"imid",8,0,"LFI10-1",0.945309838,"PLE","dag_dehydration","LF",0.405218407
"468",5.39e-06,"Indirect",1.5497,"imid",8,0,"LFI10-2",1.292096809,"PLE","dag_dehydration","LF",0.601787596
"469",5.39e-06,"Indirect",1.8833,"imid",8,0,"LFI10-3",0.660569341,"PLE","dag_dehydration","LF",0.501054316
"470",5.39e-06,"Indirect",1.4135,"imid",8,0,"LFI10-4",0.60830659,"PLE","dag_dehydration","LF",0.630482061
"471",5.39e-06,"Indirect",2.1209,"imid",8,0,"LFI10-5",0.209484252,"PLE","dag_dehydration","LF",0.338901353
"472",5.39e-06,"Indirect",2.1168,"imid",8,0,"LFI10-6",1.037851792,"PLE","dag_dehydration","LF",0.2421998
"473",2.395e-05,"Indirect",0.9129,"atrazine",8,0,"BAA0-1",9.879328906,"PLE","dag_dehydration","BA",5.570048564
"474",2.395e-05,"Indirect",0.7719,"atrazine",8,0,"BAA0-2",12.45547599,"PLE","dag_dehydration","BA",17.59483119
"475",2.395e-05,"Indirect",1.07,"atrazine",8,0,"BAA0-3",15.57844561,"PLE","dag_dehydration","BA",3.074205015
"476",2.395e-05,"Indirect",1.5079,"atrazine",8,0,"BAA0-4",15.1520148,"PLE","dag_dehydration","BA",15.89886245
"477",2.395e-05,"Indirect",0.9096,"atrazine",8,0,"BAA0-5",14.6984202,"PLE","dag_dehydration","BA",9.78279894
"478",2.395e-05,"Indirect",1.1548,"atrazine",8,0,"BAA2-1",12.38453564,"PLE","dag_dehydration","BA",10.23753505
"479",2.395e-05,"Indirect",0.9611,"atrazine",8,0,"BAA2-2",14.63994466,"PLE","dag_dehydration","BA",23.52791046
"480",2.395e-05,"Indirect",1.0618,"atrazine",8,0,"BAA2-3",13.03487815,"PLE","dag_dehydration","BA",9.934344481
"481",2.395e-05,"Indirect",0.9384,"atrazine",8,0,"BAA2-4",14.11139006,"PLE","dag_dehydration","BA",16.28574707
"482",2.395e-05,"Indirect",1.1748,"atrazine",8,0,"BAA2-5",15.33431537,"PLE","dag_dehydration","BA",13.26608122
"483",2.395e-05,"Indirect",1.1869,"atrazine",8,0,"BAA4-1",15.56081571,"PLE","dag_dehydration","BA",11.91207694
"484",2.395e-05,"Indirect",0.9488,"atrazine",8,0,"BAA4-2",11.04392922,"PLE","dag_dehydration","BA",8.377167028
"485",2.395e-05,"Indirect",1.1718,"atrazine",8,0,"BAA4-3",15.21711265,"PLE","dag_dehydration","BA",6.954592123
"486",2.395e-05,"Indirect",1.2243,"atrazine",8,0,"BAA4-4",15.6599606,"PLE","dag_dehydration","BA",16.17456476
"487",2.395e-05,"Indirect",1.1315,"atrazine",8,0,"BAA4-5",17.6440279,"PLE","dag_dehydration","BA",11.13571587
"488",2.395e-05,"Indirect",1.1552,"atrazine",8,0,"BAA6-1",13.38816703,"PLE","dag_dehydration","BA",2.757883195
"489",2.395e-05,"Indirect",1.2815,"atrazine",8,0,"BAA6-2",11.681079,"PLE","dag_dehydration","BA",12.22026175
"490",2.395e-05,"Indirect",1.0089,"atrazine",8,0,"BAA6-3",15.18962201,"PLE","dag_dehydration","BA",11.20688617
"491",2.395e-05,"Indirect",1.2956,"atrazine",8,0,"BAA6-4",9.038038715,"PLE","dag_dehydration","BA",6.405223668
"492",2.395e-05,"Indirect",1.0139,"atrazine",8,0,"BAA6-5",10.67586793,"PLE","dag_dehydration","BA",3.694084956
"493",2.395e-05,"Indirect",1.0626,"atrazine",8,0,"BAA8-1",15.04668736,"PLE","dag_dehydration","BA",2.159341322
"494",2.395e-05,"Indirect",1.132,"atrazine",8,0,"BAA8-2",14.11458967,"PLE","dag_dehydration","BA",4.104816901
"495",2.395e-05,"Indirect",0.9895,"atrazine",8,0,"BAA8-3",9.505611335,"PLE","dag_dehydration","BA",3.707013001
"496",2.395e-05,"Indirect",1.1003,"atrazine",8,0,"BAA8-4",11.64743641,"PLE","dag_dehydration","BA",20.84894976
"497",2.395e-05,"Indirect",0.9161,"atrazine",8,0,"BAA8-5",10.16095762,"PLE","dag_dehydration","BA",2.737473998
"498",2.395e-05,"Indirect",1.2022,"atrazine",8,0,"BAA10-1",20.47418687,"PLE","dag_dehydration","BA",11.79072742
"499",2.395e-05,"Indirect",1.13031,"atrazine",8,0,"BAA10-2",9.68353939,"PLE","dag_dehydration","BA",2.638235074
"500",2.395e-05,"Indirect",1.0534,"atrazine",8,0,"BAA10-3",14.40605967,"PLE","dag_dehydration","BA",2.416921895
"501",2.395e-05,"Indirect",1.0954,"atrazine",8,0,"BAA10-4",18.9224483,"PLE","dag_dehydration","BA",3.137873235
"502",2.395e-05,"Indirect",1.1421,"atrazine",8,0,"BAA10-5",11.49634553,"PLE","dag_dehydration","BA",1.920017022
"503",4.43e-05,"Indirect",0.9583,"chloro+d",8,0,"BACl0-1",57.75651281,"PLE","dag_dehydration","BA",0.073700244
"504",4.43e-05,"Indirect",0.8457,"chloro+d",8,0,"BACl0-2",102.3188471,"PLE","dag_dehydration","BA",0.109722213
"505",4.43e-05,"Indirect",0.8989,"chloro+d",8,0,"BACl0-3",65.01196356,"PLE","dag_dehydration","BA",0.078574387
"506",4.43e-05,"Indirect",0.8843,"chloro+d",8,0,"BACl0-4",57.35048527,"PLE","dag_dehydration","BA",0.079830754
"507",4.43e-05,"Indirect",0.7097,"chloro+d",8,0,"BACl0-5",46.51376561,"PLE","dag_dehydration","BA",0.099619209
"508",4.43e-05,"Indirect",1.0144,"chloro+d",8,0,"BACl2-1",33.60251806,"PLE","dag_dehydration","BA",0.072874896
"509",4.43e-05,"Indirect",0.821,"chloro+d",8,0,"BACl2-2",59.29310488,"PLE","dag_dehydration","BA",0.086024643
"510",4.43e-05,"Indirect",0.7943,"chloro+d",8,0,"BACl2-3",64.92323527,"PLE","dag_dehydration","BA",0.092374798
"511",4.43e-05,"Indirect",1.0888,"chloro+d",8,0,"BACl2-4",31.45650376,"PLE","dag_dehydration","BA",0.064846902
"512",4.43e-05,"Indirect",0.8102,"chloro+d",8,0,"BACl2-5",61.33280569,"PLE","dag_dehydration","BA",0.087298087
"513",4.43e-05,"Indirect",0.8993,"chloro+d",8,0,"BACl4-1",60.42139433,"PLE","dag_dehydration","BA",0.085652238
"514",4.43e-05,"Indirect",0.8614,"chloro+d",8,0,"BACl4-2",47.39084331,"PLE","dag_dehydration","BA",0.081921027
"515",4.43e-05,"Indirect",0.6821,"chloro+d",8,0,"BACl4-3",53.53514586,"PLE","dag_dehydration","BA",0.103593147
"516",4.43e-05,"Indirect",0.7524,"chloro+d",8,0,"BACl4-4",55.85180318,"PLE","dag_dehydration","BA",0.093831051
"517",4.43e-05,"Indirect",1.098,"chloro+d",8,0,"BACl4-5",67.77044045,"PLE","dag_dehydration","BA",0.066360019
"518",4.43e-05,"Indirect",0.9994,"chloro+d",8,0,"BACl6-1",33.86589381,"PLE","dag_dehydration","BA",0.07063984
"519",4.43e-05,"Indirect",0.9878,"chloro+d",8,0,"BACl6-2",24.53526169,"PLE","dag_dehydration","BA",0.07145105
"520",4.43e-05,"Indirect",0.9357,"chloro+d",8,0,"BACl6-3",71.16072307,"PLE","dag_dehydration","BA",0.089348773
"521",4.43e-05,"Indirect",0.8934,"chloro+d",8,0,"BACl6-4",48.43648594,"PLE","dag_dehydration","BA",0.079091411
"522",4.43e-05,"Indirect",1.0993,"chloro+d",8,0,"BACl6-5",33.49242945,"PLE","dag_dehydration","BA",0.143725039
"523",4.43e-05,"Indirect",1.0066,"chloro+d",8,0,"BACl8-1",52.62528479,"PLE","dag_dehydration","BA",0.070210759
"524",4.43e-05,"Indirect",0.9629,"chloro+d",8,0,"BACl8-2",37.1844573,"PLE","dag_dehydration","BA",0.073540839
"525",4.43e-05,"Indirect",1.4069,"chloro+d",8,0,"BACl8-3",73.57869825,"PLE","dag_dehydration","BA",0.050197187
"526",4.43e-05,"Indirect",1.1711,"chloro+d",8,0,"BACl8-4",74.75923468,"PLE","dag_dehydration","BA",0.088529318
"527",4.43e-05,"Indirect",0.9393,"chloro+d",8,0,"BACl8-5",83.98589503,"PLE","dag_dehydration","BA",0.075353305
"528",4.43e-05,"Indirect",1.3103,"chloro+d",8,0,"BACl10-1",38.25020684,"PLE","dag_dehydration","BA",0.053909403
"529",4.43e-05,"Indirect",1.0264,"chloro+d",8,0,"BACl10-2",56.72626138,"PLE","dag_dehydration","BA",0.06896551
"530",4.43e-05,"Indirect",1.1206,"chloro+d",8,0,"BACl10-3",68.01386873,"PLE","dag_dehydration","BA",0.063794163
"531",4.43e-05,"Indirect",1.0174,"chloro+d",8,0,"BACl10-4",102.5827354,"PLE","dag_dehydration","BA",0.07005052
"532",4.43e-05,"Indirect",1.2458,"chloro+d",8,0,"BACl10-5",79.54975475,"PLE","dag_dehydration","BA",0.057094309
"533",3.101e-05,"Indirect",0.7276,"metol",8,0,"BAM0-1",24.61731819,"PLE","dag_dehydration","BA",2.931282055
"534",3.101e-05,"Indirect",0.8474,"metol",8,0,"BAM0-2",21.3388881,"PLE","dag_dehydration","BA",0.347103824
"535",3.101e-05,"Indirect",0.8754,"metol",8,0,"BAM0-3",21.93039744,"PLE","dag_dehydration","BA",0.747111843
"536",3.101e-05,"Indirect",0.8769,"metol",8,0,"BAM0-4",22.93092162,"PLE","dag_dehydration","BA",1.458126997
"537",3.101e-05,"Indirect",1.1394,"metol",8,0,"BAM0-5",16.69841723,"PLE","dag_dehydration","BA",0.842005182
"538",3.101e-05,"Indirect",0.8325,"metol",8,0,"BAM2-1",21.78269156,"PLE","dag_dehydration","BA",2.479837754
"539",3.101e-05,"Indirect",0.9548,"metol",8,0,"BAM2-2",30.13938696,"PLE","dag_dehydration","BA",0.390457959
"540",3.101e-05,"Indirect",1.0286,"metol",8,0,"BAM2-3",22.89913875,"PLE","dag_dehydration","BA",4.602085515
"541",3.101e-05,"Indirect",1.0815,"metol",8,0,"BAM2-4",15.50951631,"PLE","dag_dehydration","BA",16.00337772
"542",3.101e-05,"Indirect",0.9169,"metol",8,0,"BAM2-5",22.61379371,"PLE","dag_dehydration","BA",1.76131318
"543",3.101e-05,"Indirect",0.7677,"metol",8,0,"BAM4-1",18.84383325,"PLE","dag_dehydration","BA",0.649917011
"544",3.101e-05,"Indirect",0.7978,"metol",8,0,"BAM4-2",18.89979206,"PLE","dag_dehydration","BA",7.808781543
"545",3.101e-05,"Indirect",0.8958,"metol",8,0,"BAM4-3",16.48638399,"PLE","dag_dehydration","BA",3.96665148
"546",3.101e-05,"Indirect",1.0415,"metol",8,0,"BAM4-4",18.69187814,"PLE","dag_dehydration","BA",1.54276093
"547",3.101e-05,"Indirect",0.8499,"metol",8,0,"BAM4-5",21.78738591,"PLE","dag_dehydration","BA",3.211494858
"548",3.101e-05,"Indirect",0.9489,"metol",8,0,"BAM6-1",19.7286363,"PLE","dag_dehydration","BA",2.189307645
"549",3.101e-05,"Indirect",1.0449,"metol",8,0,"BAM6-2",19.84548436,"PLE","dag_dehydration","BA",3.779128738
"550",3.101e-05,"Indirect",1.095,"metol",8,0,"BAM6-3",18.30042699,"PLE","dag_dehydration","BA",1.181637111
"551",3.101e-05,"Indirect",1.0956,"metol",8,0,"BAM6-4",21.61340567,"PLE","dag_dehydration","BA",2.372274856
"552",3.101e-05,"Indirect",0.9067,"metol",8,0,"BAM6-5",34.53939533,"PLE","dag_dehydration","BA",1.347353954
"553",3.101e-05,"Indirect",0.8966,"metol",8,0,"BAM8-1",21.17580719,"PLE","dag_dehydration","BA",3.302635326
"554",3.101e-05,"Indirect",0.7619,"metol",8,0,"BAM8-2",24.81521768,"PLE","dag_dehydration","BA",2.478218461
"555",3.101e-05,"Indirect",0.8689,"metol",8,0,"BAM8-3",17.06118215,"PLE","dag_dehydration","BA",0.477943521
"556",3.101e-05,"Indirect",1.1094,"metol",8,0,"BAM8-4",19.10055727,"PLE","dag_dehydration","BA",2.62816273
"557",3.101e-05,"Indirect",0.9821,"metol",8,0,"BAM8-5",20.51550224,"PLE","dag_dehydration","BA",1.469074059
"558",3.101e-05,"Indirect",1.0263,"metol",8,0,"BAM10-1",22.5379891,"PLE","dag_dehydration","BA",3.784805012
"559",3.101e-05,"Indirect",0.9157,"metol",8,0,"BAM10-2",18.45842534,"PLE","dag_dehydration","BA",0.178266663
"560",3.101e-05,"Indirect",1.2425,"metol",8,0,"BAM10-3",17.64342834,"PLE","dag_dehydration","BA",0.83816974
"561",3.101e-05,"Indirect",1.3226,"metol",8,0,"BAM10-4",25.49063619,"PLE","dag_dehydration","BA",2.909853436
"562",3.101e-05,"Indirect",1.0177,"metol",8,0,"BAM10-5",13.50246957,"PLE","dag_dehydration","BA",3.06875616
"563",2.91e-06,"Indirect",0.8584,"tdn",8,0,"BAT0-1",4.623967642,"PLE","dag_dehydration","BA",0.705452479
"564",2.91e-06,"Indirect",0.8488,"tdn",8,0,"BAT0-2",4.576445003,"PLE","dag_dehydration","BA",0.234413969
"565",2.91e-06,"Indirect",0.9955,"tdn",8,0,"BAT0-3",4.945654456,"PLE","dag_dehydration","BA",0.579612536
"566",2.91e-06,"Indirect",1.0281,"tdn",8,0,"BAT0-4",2.883188373,"PLE","dag_dehydration","BA",0.355740799
"567",2.91e-06,"Indirect",1.1097,"tdn",8,0,"BAT0-5",3.813555416,"PLE","dag_dehydration","BA",0.656741344
"568",2.91e-06,"Indirect",1.2155,"tdn",8,0,"BAT2-1",4.002153511,"PLE","dag_dehydration","BA",0.67893805
"569",2.91e-06,"Indirect",0.8175,"tdn",8,0,"BAT2-2",4.565613817,"PLE","dag_dehydration","BA",1.101694818
"570",2.91e-06,"Indirect",0.851,"tdn",8,0,"BAT2-3",3.940878794,"PLE","dag_dehydration","BA",0.471731541
"571",2.91e-06,"Indirect",1.0826,"tdn",8,0,"BAT2-4",3.048173056,"PLE","dag_dehydration","BA",0.355762936
"572",2.91e-06,"Indirect",0.8654,"tdn",8,0,"BAT2-5",2.12684801,"PLE","dag_dehydration","BA",0.356340814
"573",2.91e-06,"Indirect",1.0271,"tdn",8,0,"BAT4-1",6.019197262,"PLE","dag_dehydration","BA",1.070383806
"574",2.91e-06,"Indirect",0.8715,"tdn",8,0,"BAT4-2",3.720045765,"PLE","dag_dehydration","BA",0.681923819
"575",2.91e-06,"Indirect",1.2942,"tdn",8,0,"BAT4-3",3.940413307,"PLE","dag_dehydration","BA",1.020881176
"576",2.91e-06,"Indirect",1.1198,"tdn",8,0,"BAT4-4",5.296550596,"PLE","dag_dehydration","BA",0.509585728
"577",2.91e-06,"Indirect",1.1049,"tdn",8,0,"BAT4-5",6.945352858,"PLE","dag_dehydration","BA",3.217423384
"578",2.91e-06,"Indirect",0.7637,"tdn",8,0,"BAT6-1",3.602278375,"PLE","dag_dehydration","BA",0.286638101
"579",2.91e-06,"Indirect",1.0612,"tdn",8,0,"BAT6-2",3.750249506,"PLE","dag_dehydration","BA",0.294702812
"580",2.91e-06,"Indirect",0.8935,"tdn",8,0,"BAT6-3",6.322726358,"PLE","dag_dehydration","BA",0.386336954
"581",2.91e-06,"Indirect",1.2336,"tdn",8,0,"BAT6-4",4.897593016,"PLE","dag_dehydration","BA",0.440267136
"582",2.91e-06,"Indirect",1.2775,"tdn",8,0,"BAT6-5",4.591640691,"PLE","dag_dehydration","BA",0.569826956
"583",2.91e-06,"Indirect",0.8524,"tdn",8,0,"BAT8-1",5.459072604,"PLE","dag_dehydration","BA",0.556191253
"584",2.91e-06,"Indirect",0.9142,"tdn",8,0,"BAT8-2",4.507937226,"PLE","dag_dehydration","BA",0.432994464
"585",2.91e-06,"Indirect",1.1256,"tdn",8,0,"BAT8-3",5.011321534,"PLE","dag_dehydration","BA",0.676020901
"586",2.91e-06,"Indirect",1.0474,"tdn",8,0,"BAT8-4",3.31837221,"PLE","dag_dehydration","BA",0.75550304
"587",2.91e-06,"Indirect",0.8709,"tdn",8,0,"BAT8-5",5.387182037,"PLE","dag_dehydration","BA",0.264939632
"588",2.91e-06,"Indirect",1.0839,"tdn",8,0,"BAT10-1",4.821906293,"PLE","dag_dehydration","BA",0.761585411
"589",2.91e-06,"Indirect",1.007,"tdn",8,0,"BAT10-2",3.750142848,"PLE","dag_dehydration","BA",0.227798267
"590",2.91e-06,"Indirect",1.2054,"tdn",8,0,"BAT10-3",3.640657566,"PLE","dag_dehydration","BA",0.722003836
"591",2.91e-06,"Indirect",0.9862,"tdn",8,0,"BAT10-4",3.0485444,"PLE","dag_dehydration","BA",0.693917992
"592",2.91e-06,"Indirect",0.9313,"tdn",8,0,"BAT10-5",3.77031985,"PLE","dag_dehydration","BA",0.514549742
"593",0.05,"soil",48.93,"Malathion",24,NA,"sal1",NA,NA,"hr2008","Ambystoma_tigrinum",1.46
"594",0.05,"soil",50.92,"Malathion",24,NA,"sal2",NA,NA,"hr2008","Ambystoma_tigrinum",1.61
"595",0.05,"soil",44.15,"Malathion",24,NA,"sal3",NA,NA,"hr2008","Ambystoma_tigrinum",0.35
"596",0.05,"soil",20.89,"Malathion",48,NA,"sal4",NA,NA,"hr2008","Ambystoma_tigrinum",3.73
"597",0.05,"soil",47.59,"Malathion",48,NA,"sal5",NA,NA,"hr2008","Ambystoma_tigrinum",0.39
"598",0.05,"soil",46.26,"Malathion",48,NA,"sal6",NA,NA,"hr2008","Ambystoma_tigrinum",1.42
"599",0.05,"soil",39.07,"Malathion",48,NA,"sal7",NA,NA,"hr2008","Ambystoma_tigrinum",1.47
"600",0.05,"soil",45.8,"Malathion",48,NA,"sal8",NA,NA,"hr2008","Ambystoma_tigrinum",0.05
"601",0.05,"soil",49.98,"Malathion",48,NA,"sal9",NA,NA,"hr2008","Ambystoma_tigrinum",0.19
"602",2.29e-05,"soil",0.8722,"atrazine",2,0,"atrazine_2hr_1",NA,NA,"dag_metabolites","Anaxyrus_fowleri",3.06820272
"603",2.29e-05,"soil",0.89,"atrazine",2,0,"atrazine_2hr_2",NA,NA,"dag_metabolites","Anaxyrus_fowleri",3.689639699
"604",2.29e-05,"soil",0.5668,"atrazine",2,0,"atrazine_2hr_3",NA,NA,"dag_metabolites","Anaxyrus_fowleri",4.701165885
"605",2.29e-05,"soil",0.7135,"atrazine",2,0,"atrazine_2hr_4",NA,NA,"dag_metabolites","Anaxyrus_fowleri",1.892494228
"606",2.29e-05,"soil",0.77,"atrazine",4,0,"atrazine_4hr_1",NA,NA,"dag_metabolites","Anaxyrus_fowleri",7.624610214
"607",2.29e-05,"soil",0.7153,"atrazine",4,0,"atrazine_4hr_2",NA,NA,"dag_metabolites","Anaxyrus_fowleri",4.13430025
"608",2.29e-05,"soil",0.9739,"atrazine",4,0,"atrazine_4hr_3",NA,NA,"dag_metabolites","Anaxyrus_fowleri",2.050778713
"609",2.29e-05,"soil",0.5403,"atrazine",4,0,"atrazine_4hr_4",NA,NA,"dag_metabolites","Anaxyrus_fowleri",7.626486309
"610",2.29e-05,"soil",0.4111,"atrazine",12,0,"atrazine_12hr_1",NA,NA,"dag_metabolites","Anaxyrus_fowleri",2.452277711
"611",2.29e-05,"soil",0.8564,"atrazine",12,0,"atrazine_12hr_2",NA,NA,"dag_metabolites","Anaxyrus_fowleri",3.786892753
"612",2.29e-05,"soil",1.06,"atrazine",12,0,"atrazine_12hr_3",NA,NA,"dag_metabolites","Anaxyrus_fowleri",4.514882392
"613",2.29e-05,"soil",0.614,"atrazine",12,0,"atrazine_12hr_4",NA,NA,"dag_metabolites","Anaxyrus_fowleri",1.741192334
"614",2.29e-05,"soil",0.5343,"atrazine",24,0,"atrazine_24hr_1",NA,NA,"dag_metabolites","Anaxyrus_fowleri",2.272491609
"615",2.29e-05,"soil",0.687,"atrazine",24,0,"atrazine_24hr_2",NA,NA,"dag_metabolites","Anaxyrus_fowleri",1.843394997
"616",2.29e-05,"soil",0.6553,"atrazine",24,0,"atrazine_24hr_3",NA,NA,"dag_metabolites","Anaxyrus_fowleri",1.12496207
"617",2.29e-05,"soil",0.5026,"atrazine",24,0,"atrazine_24hr_4",NA,NA,"dag_metabolites","Anaxyrus_fowleri",0.978827141
"618",2.29e-05,"soil",0.6456,"atrazine",48,0,"atrazine_48hr_1",NA,NA,"dag_metabolites","Anaxyrus_fowleri",0.961393825
"619",2.29e-05,"soil",0.6671,"atrazine",48,0,"atrazine_48hr_2",NA,NA,"dag_metabolites","Anaxyrus_fowleri",0.631015591
"620",2.29e-05,"soil",0.6276,"atrazine",48,0,"atrazine_48hr_3",NA,NA,"dag_metabolites","Anaxyrus_fowleri",0.93069942
"621",2.29e-05,"soil",0.5903,"atrazine",48,0,"atrazine_48hr_4",NA,NA,"dag_metabolites","Anaxyrus_fowleri",1.484441109
"622",2.29e-05,"soil",1.1024,"triadimefon",2,0,"triadimefon_2hr_1",NA,NA,"dag_metabolites","Anaxyrus_fowleri",0.489601403
"623",2.7e-06,"soil",0.9285,"triadimefon",2,0,"triadimefon_2hr_2",NA,NA,"dag_metabolites","Anaxyrus_fowleri",0.306581872
"624",2.7e-06,"soil",0.663,"triadimefon",2,0,"triadimefon_2hr_3",NA,NA,"dag_metabolites","Anaxyrus_fowleri",0.376458575
"625",2.7e-06,"soil",0.6024,"triadimefon",2,0,"triadimefon_2hr_4",NA,NA,"dag_metabolites","Anaxyrus_fowleri",0.374511404
"626",2.7e-06,"soil",1.0199,"triadimefon",4,0,"triadimefon_4hr_1",NA,NA,"dag_metabolites","Anaxyrus_fowleri",0.97804843
"627",2.7e-06,"soil",0.9525,"triadimefon",4,0,"triadimefon_4hr_2",NA,NA,"dag_metabolites","Anaxyrus_fowleri",0.335365342
"628",2.7e-06,"soil",0.6506,"triadimefon",4,0,"triadimefon_4hr_3",NA,NA,"dag_metabolites","Anaxyrus_fowleri",0.347101261
"629",2.7e-06,"soil",0.5932,"triadimefon",4,0,"triadimefon_4hr_4",NA,NA,"dag_metabolites","Anaxyrus_fowleri",0.533983287
"630",2.7e-06,"soil",0.5875,"triadimefon",12,0,"triadimefon_12hr_1",NA,NA,"dag_metabolites","Anaxyrus_fowleri",0.487313921
"631",2.7e-06,"soil",0.1879,"triadimefon",12,0,"triadimefon_12hr_2",NA,NA,"dag_metabolites","Anaxyrus_fowleri",1.163882256
"632",2.7e-06,"soil",0.8768,"triadimefon",12,0,"triadimefon_12hr_3",NA,NA,"dag_metabolites","Anaxyrus_fowleri",0.518446024
"633",2.7e-06,"soil",0.8139,"triadimefon",12,0,"triadimefon_12hr_4",NA,NA,"dag_metabolites","Anaxyrus_fowleri",0.850015349
"634",2.7e-06,"soil",0.7494,"triadimefon",24,0,"triadimefon_24hr_1",NA,NA,"dag_metabolites","Anaxyrus_fowleri",0.753354385
"635",2.7e-06,"soil",0.7533,"triadimefon",24,0,"triadimefon_24hr_2",NA,NA,"dag_metabolites","Anaxyrus_fowleri",0.268774096
"636",2.7e-06,"soil",0.7957,"triadimefon",24,0,"triadimefon_24hr_3",NA,NA,"dag_metabolites","Anaxyrus_fowleri",0.324932505
"637",2.7e-06,"soil",0.9826,"triadimefon",24,0,"triadimefon_24hr_4",NA,NA,"dag_metabolites","Anaxyrus_fowleri",2.114540569
"638",2.7e-06,"soil",0.7765,"triadimefon",48,0,"triadimefon_48hr_1",NA,NA,"dag_metabolites","Anaxyrus_fowleri",0.337985638
"639",2.7e-06,"soil",1.0258,"triadimefon",48,0,"triadimefon_48hr_2",NA,NA,"dag_metabolites","Anaxyrus_fowleri",0.18812362
"640",2.7e-06,"soil",0.8476,"triadimefon",48,0,"triadimefon_48hr_3",NA,NA,"dag_metabolites","Anaxyrus_fowleri",0.174854226
"641",2.7e-06,"soil",0.6693,"triadimefon",48,0,"triadimefon_48hr_4",NA,NA,"dag_metabolites","Anaxyrus_fowleri",0.29378644
"642",1.1e-06,"soil",0.4614,"fipronil",2,0,"fipronil_2hr_1",NA,NA,"dag_metabolites","Anaxyrus_fowleri",3.719393647
"643",1.1e-06,"soil",0.2284,"fipronil",2,0,"fipronil_2hr_2",NA,NA,"dag_metabolites","Anaxyrus_fowleri",1.880936052
"644",1.1e-06,"soil",0.7639,"fipronil",2,0,"fipronil_2hr_3",NA,NA,"dag_metabolites","Anaxyrus_fowleri",0.570034283
"645",1.1e-06,"soil",0.3696,"fipronil",2,0,"fipronil_2hr_4",NA,NA,"dag_metabolites","Anaxyrus_fowleri",1.297795327
"646",1.1e-06,"soil",0.9285,"fipronil",4,0,"fipronil_4hr_1",NA,NA,"dag_metabolites","Anaxyrus_fowleri",0.88914103
"647",1.1e-06,"soil",0.7862,"fipronil",4,0,"fipronil_4hr_2",NA,NA,"dag_metabolites","Anaxyrus_fowleri",2.023821797
"648",1.1e-06,"soil",0.6985,"fipronil",4,0,"fipronil_4hr_3",NA,NA,"dag_metabolites","Anaxyrus_fowleri",0.949591323
"649",1.1e-06,"soil",0.2882,"fipronil",4,0,"fipronil_4hr_4",NA,NA,"dag_metabolites","Anaxyrus_fowleri",1.339780158
"650",1.1e-06,"soil",1.1638,"fipronil",12,0,"fipronil_12hr_1",NA,NA,"dag_metabolites","Anaxyrus_fowleri",0.608268662
"651",1.1e-06,"soil",0.8824,"fipronil",12,0,"fipronil_12hr_2",NA,NA,"dag_metabolites","Anaxyrus_fowleri",0.870180984
"652",1.1e-06,"soil",1.4191,"fipronil",12,0,"fipronil_12hr_3",NA,NA,"dag_metabolites","Anaxyrus_fowleri",0.489633965
"653",1.1e-06,"soil",1.4909,"fipronil",12,0,"fipronil_12hr_4",NA,NA,"dag_metabolites","Anaxyrus_fowleri",0.29574225
"654",1.1e-06,"soil",0.5347,"fipronil",24,0,"fipronil_24hr_1",NA,NA,"dag_metabolites","Anaxyrus_fowleri",0.329936663
"655",1.1e-06,"soil",0.764,"fipronil",24,0,"fipronil_24hr_2",NA,NA,"dag_metabolites","Anaxyrus_fowleri",0.278098705
"656",1.1e-06,"soil",0.3892,"fipronil",24,0,"fipronil_24hr_3",NA,NA,"dag_metabolites","Anaxyrus_fowleri",0.255766754
"657",1.1e-06,"soil",0.638,"fipronil",24,0,"fipronil_24hr_4",NA,NA,"dag_metabolites","Anaxyrus_fowleri",0.206890648
"658",1.1e-06,"soil",0.7873,"fipronil",48,0,"fipronil_48hr_1",NA,NA,"dag_metabolites","Anaxyrus_fowleri",0.083283566
"659",1.1e-06,"soil",0.5969,"fipronil",48,0,"fipronil_48hr_2",NA,NA,"dag_metabolites","Anaxyrus_fowleri",0.389202422
"660",1.1e-06,"soil",0.9009,"fipronil",48,0,"fipronil_48hr_3",NA,NA,"dag_metabolites","Anaxyrus_fowleri",0.224047561
"661",1.1e-06,"soil",0.5355,"fipronil",48,0,"fipronil_48hr_4",NA,NA,"dag_metabolites","Anaxyrus_fowleri",0.151268165
"662",2.36e-05,"soil",0.9971,"ATZT",8,0,"ATZMED_ATZT",NA,NA,"rvm2017","Rana_clamitans",24.80672939
"663",2.36e-05,"soil",1.2746,"ATZT",8,0,"ATZMA_ATZT",NA,NA,"rvm2017","Rana_clamitans",13.29249991
"664",2.36e-05,"soil",1.3043,"ATZT",8,0,"ATZMAPZ_ATZT",NA,NA,"rvm2017","Rana_clamitans",3.846909215
"665",2.36e-05,"soil",1.4277,"ATZT",8,0,"ATZMAPZ_ATZT",NA,NA,"rvm2017","Rana_clamitans",21.59188167
"666",2.36e-05,"soil",1.6348,"ATZT",8,0,"ATZD_ATZT",NA,NA,"rvm2017","Rana_clamitans",4.398786764
"667",2.36e-05,"soil",1.6593,"ATZT",8,0,"ATZPZ_ATZT",NA,NA,"rvm2017","Rana_clamitans",6.616713054
"668",2.36e-05,"soil",1.686,"ATZT",8,0,"ATZD_ATZT",NA,NA,"rvm2017","Rana_clamitans",34.87420323
"669",2.36e-05,"soil",1.6929,"ATZT",8,0,"ATZMED_ATZT",NA,NA,"rvm2017","Rana_clamitans",32.23101361
"670",2.36e-05,"soil",1.7134,"ATZT",8,0,"ATZ_ATZT",NA,NA,"rvm2017","Rana_clamitans",71.52121587
"671",2.36e-05,"soil",1.7623,"ATZT",8,0,"ATZMAPZ_ATZT",NA,NA,"rvm2017","Rana_clamitans",7.680368996
"672",2.36e-05,"soil",1.766,"ATZT",8,0,"ATZMA_ATZT",NA,NA,"rvm2017","Rana_clamitans",4.105411726
"673",2.36e-05,"soil",1.7687,"ATZT",8,0,"ATZMED_ATZT",NA,NA,"rvm2017","Rana_clamitans",23.76512465
"674",2.36e-05,"soil",1.7856,"ATZT",8,0,"ATZMAPZ_ATZT",NA,NA,"rvm2017","Rana_clamitans",17.55825611
"675",2.36e-05,"soil",1.8136,"ATZT",8,0,"ATZME_ATZT",NA,NA,"rvm2017","Rana_clamitans",20.35015638
"676",2.36e-05,"soil",1.8167,"ATZT",8,0,"ATZMA_ATZT",NA,NA,"rvm2017","Rana_clamitans",19.04559785
"677",2.36e-05,"soil",1.8523,"ATZT",8,0,"ATZME_ATZT",NA,NA,"rvm2017","Rana_clamitans",20.57274567
"678",2.36e-05,"soil",1.8649,"ATZT",8,0,"ATZME_ATZT",NA,NA,"rvm2017","Rana_clamitans",1.22063448
"679",2.36e-05,"soil",1.8822,"ATZT",8,0,"ATZMAPZ_ATZT",NA,NA,"rvm2017","Rana_clamitans",4.144203168
"680",2.36e-05,"soil",1.9827,"ATZT",8,0,"ATZMA_ATZT",NA,NA,"rvm2017","Rana_clamitans",7.289789952
"681",2.36e-05,"soil",2.0136,"ATZT",8,0,"ATZMED_ATZT",NA,NA,"rvm2017","Rana_clamitans",17.23251263
"682",2.36e-05,"soil",2.0137,"ATZT",8,0,"ATZMA_ATZT",NA,NA,"rvm2017","Rana_clamitans",27.68256624
"683",2.36e-05,"soil",2.0332,"ATZT",8,0,"ATZ_ATZT",NA,NA,"rvm2017","Rana_clamitans",19.38292403
"684",2.36e-05,"soil",2.0948,"ATZT",8,0,"ATZD_ATZT",NA,NA,"rvm2017","Rana_clamitans",5.783764403
"685",2.36e-05,"soil",2.0979,"ATZT",8,0,"ATZME_ATZT",NA,NA,"rvm2017","Rana_clamitans",23.94075151
"686",2.36e-05,"soil",2.1559,"ATZT",8,0,"ATZ_ATZT",NA,NA,"rvm2017","Rana_clamitans",6.776429551
"687",2.36e-05,"soil",2.1582,"ATZT",8,0,"ATZ_ATZT",NA,NA,"rvm2017","Rana_clamitans",42.67128214
"688",2.36e-05,"soil",2.2087,"ATZT",8,0,"ATZD_ATZT",NA,NA,"rvm2017","Rana_clamitans",30.38948929
"689",2.36e-05,"soil",2.2353,"ATZT",8,0,"ATZPZ_ATZT",NA,NA,"rvm2017","Rana_clamitans",3.641157326
"690",2.36e-05,"soil",2.2402,"ATZT",8,0,"ATZMED_ATZT",NA,NA,"rvm2017","Rana_clamitans",3.945905477
"691",2.36e-05,"soil",2.2464,"ATZT",8,0,"ATZMA_ATZT",NA,NA,"rvm2017","Rana_clamitans",18.0828639
"692",2.36e-05,"soil",2.4907,"ATZT",8,0,"ATZME_ATZT",NA,NA,"rvm2017","Rana_clamitans",40.42981243
"693",2.36e-05,"soil",2.5341,"ATZT",8,0,"ATZ_ATZT",NA,NA,"rvm2017","Rana_clamitans",25.08110461
"694",2.36e-05,"soil",2.6348,"ATZT",8,0,"ATZMAPZ_ATZT",NA,NA,"rvm2017","Rana_clamitans",12.22164293
"695",2.36e-05,"soil",2.7419,"ATZT",8,0,"ATZME_ATZT",NA,NA,"rvm2017","Rana_clamitans",10.6958582
"696",2.36e-05,"soil",2.7643,"ATZT",8,0,"ATZMED_ATZT",NA,NA,"rvm2017","Rana_clamitans",72.62672175
"697",2.36e-05,"soil",2.8407,"ATZT",8,0,"ATZD_ATZT",NA,NA,"rvm2017","Rana_clamitans",25.49430275
"698",2.36e-05,"soil",2.8777,"ATZT",8,0,"ATZPZ_ATZT",NA,NA,"rvm2017","Rana_clamitans",20.27148844
"699",2.36e-05,"soil",3.0233,"ATZT",8,0,"ATZPZ_ATZT",NA,NA,"rvm2017","Rana_clamitans",6.459787124
"700",2.36e-05,"soil",3.4314,"ATZT",8,0,"ATZPZ_ATZT",NA,NA,"rvm2017","Rana_clamitans",5.347041009
"701",2.36e-05,"soil",3.5113,"ATZT",8,0,"ATZPZ_ATZT",NA,NA,"rvm2017","Rana_clamitans",13.26923261
"702",2.36e-05,"soil",3.5987,"ATZT",8,0,"ATZD_ATZT",NA,NA,"rvm2017","Rana_clamitans",0.079700165
"703",2.36e-05,"soil",3.6843,"ATZT",8,0,"ATZ_ATZT",NA,NA,"rvm2017","Rana_clamitans",25.87712484
"704",1.43e-05,"soil",0.9634,"DT",8,0,"MED_DT",NA,NA,"rvm2017","Rana_clamitans",0.050444413
"705",1.43e-05,"soil",0.9971,"DT",8,0,"ATZMED_DT",NA,NA,"rvm2017","Rana_clamitans",0.104347435
"706",1.43e-05,"soil",1.5863,"DT",8,0,"MED_DT",NA,NA,"rvm2017","Rana_clamitans",0.02218048
"707",1.43e-05,"soil",1.6197,"DT",8,0,"MED_DT",NA,NA,"rvm2017","Rana_clamitans",0.080271609
"708",1.43e-05,"soil",1.6348,"DT",8,0,"ATZD_DT",NA,NA,"rvm2017","Rana_clamitans",0.043914438
"709",1.43e-05,"soil",1.6688,"DT",8,0,"D_DT",NA,NA,"rvm2017","Rana_clamitans",0.160589466
"710",1.43e-05,"soil",1.686,"DT",8,0,"ATZD_DT",NA,NA,"rvm2017","Rana_clamitans",0.111429034
"711",1.43e-05,"soil",1.6929,"DT",8,0,"ATZMED_DT",NA,NA,"rvm2017","Rana_clamitans",0.165951211
"712",1.43e-05,"soil",1.7687,"DT",8,0,"ATZMED_DT",NA,NA,"rvm2017","Rana_clamitans",0.156953688
"713",1.43e-05,"soil",1.7835,"DT",8,0,"D_DT",NA,NA,"rvm2017","Rana_clamitans",0.055846327
"714",1.43e-05,"soil",1.8205,"DT",8,0,"MED_DT",NA,NA,"rvm2017","Rana_clamitans",0.036982547
"715",1.43e-05,"soil",1.9682,"DT",8,0,"D_DT",NA,NA,"rvm2017","Rana_clamitans",0.009126477
"716",1.43e-05,"soil",2.0136,"DT",8,0,"ATZMED_DT",NA,NA,"rvm2017","Rana_clamitans",0.262662032
"717",1.43e-05,"soil",2.0942,"DT",8,0,"D_DT",NA,NA,"rvm2017","Rana_clamitans",0.0364
"718",1.43e-05,"soil",2.0948,"DT",8,0,"ATZD_DT",NA,NA,"rvm2017","Rana_clamitans",0.156297393
"719",1.43e-05,"soil",2.2087,"DT",8,0,"ATZD_DT",NA,NA,"rvm2017","Rana_clamitans",0.135238827
"720",1.43e-05,"soil",2.2402,"DT",8,0,"ATZMED_DT",NA,NA,"rvm2017","Rana_clamitans",0.38456094
"721",1.43e-05,"soil",2.2634,"DT",8,0,"MED_DT",NA,NA,"rvm2017","Rana_clamitans",0.086351225
"722",1.43e-05,"soil",2.2984,"DT",8,0,"MED_DT",NA,NA,"rvm2017","Rana_clamitans",0.078111813
"723",1.43e-05,"soil",2.541,"DT",8,0,"D_DT",NA,NA,"rvm2017","Rana_clamitans",0.039291826
"724",1.43e-05,"soil",2.6828,"DT",8,0,"D_DT",NA,NA,"rvm2017","Rana_clamitans",0.141821902
"725",1.43e-05,"soil",2.7643,"DT",8,0,"ATZMED_DT",NA,NA,"rvm2017","Rana_clamitans",0.076429258
"726",1.43e-05,"soil",2.8407,"DT",8,0,"ATZD_DT",NA,NA,"rvm2017","Rana_clamitans",0.275763099
"727",2.59e-05,"soil",1.2746,"MAT",8,0,"ATZMA_MAT",NA,NA,"rvm2017","Rana_clamitans",1.104790883
"728",2.59e-05,"soil",1.3043,"MAT",8,0,"ATZMAPZ_MAT",NA,NA,"rvm2017","Rana_clamitans",1.067061599
"729",2.59e-05,"soil",1.4277,"MAT",8,0,"ATZMAPZ_MAT",NA,NA,"rvm2017","Rana_clamitans",0.465758248
"730",2.59e-05,"soil",1.7623,"MAT",8,0,"ATZMAPZ_MAT",NA,NA,"rvm2017","Rana_clamitans",3.417440919
"731",2.59e-05,"soil",1.766,"MAT",8,0,"ATZMA_MAT",NA,NA,"rvm2017","Rana_clamitans",0.300451872
"732",2.59e-05,"soil",1.7856,"MAT",8,0,"ATZMAPZ_MAT",NA,NA,"rvm2017","Rana_clamitans",2.513366509
"733",2.59e-05,"soil",1.7896,"MAT",8,0,"MAPZ_MAT",NA,NA,"rvm2017","Rana_clamitans",0.432463641
"734",2.59e-05,"soil",1.8155,"MAT",8,0,"MA_MAT",NA,NA,"rvm2017","Rana_clamitans",0.284731883
"735",2.59e-05,"soil",1.8167,"MAT",8,0,"ATZMA_MAT",NA,NA,"rvm2017","Rana_clamitans",0.890422935
"736",2.59e-05,"soil",1.822,"MAT",8,0,"MAPZ_MAT",NA,NA,"rvm2017","Rana_clamitans",0.252248141
"737",2.59e-05,"soil",1.8822,"MAT",8,0,"ATZMAPZ_MAT",NA,NA,"rvm2017","Rana_clamitans",13.42028218
"738",2.59e-05,"soil",1.9827,"MAT",8,0,"ATZMA_MAT",NA,NA,"rvm2017","Rana_clamitans",0.188357852
"739",2.59e-05,"soil",2.0002,"MAT",8,0,"MA_MAT",NA,NA,"rvm2017","Rana_clamitans",0.401201109
"740",2.59e-05,"soil",2.0137,"MAT",8,0,"ATZMA_MAT",NA,NA,"rvm2017","Rana_clamitans",6.064364174
"741",2.59e-05,"soil",2.0876,"MAT",8,0,"MAPZ_MAT",NA,NA,"rvm2017","Rana_clamitans",0.279045154
"742",2.59e-05,"soil",2.0931,"MAT",8,0,"MA_MAT",NA,NA,"rvm2017","Rana_clamitans",0.653088188
"743",2.59e-05,"soil",2.1656,"MAT",8,0,"MAPZ_MAT",NA,NA,"rvm2017","Rana_clamitans",1.410094829
"744",2.59e-05,"soil",2.2464,"MAT",8,0,"ATZMA_MAT",NA,NA,"rvm2017","Rana_clamitans",2.008416532
"745",2.59e-05,"soil",2.2664,"MAT",8,0,"MA_MAT",NA,NA,"rvm2017","Rana_clamitans",0.14012427
"746",2.59e-05,"soil",2.3087,"MAT",8,0,"MAPZ_MAT",NA,NA,"rvm2017","Rana_clamitans",0.699286298
"747",2.59e-05,"soil",2.4281,"MAT",8,0,"MA_MAT",NA,NA,"rvm2017","Rana_clamitans",0.255474657
"748",2.59e-05,"soil",2.6348,"MAT",8,0,"ATZMAPZ_MAT",NA,NA,"rvm2017","Rana_clamitans",0.146541193
"749",2.59e-05,"soil",2.897,"MAT",8,0,"MA_MAT",NA,NA,"rvm2017","Rana_clamitans",2.335542663
"750",2.59e-05,"soil",4.0141,"MAT",8,0,"MAPZ_MAT",NA,NA,"rvm2017","Rana_clamitans",1.896347283
"751",3.09e-05,"soil",0.9634,"MET",8,0,"MED_MET",NA,NA,"rvm2017","Rana_clamitans",0.662223621
"752",3.09e-05,"soil",0.9971,"MET",8,0,"ATZMED_MET",NA,NA,"rvm2017","Rana_clamitans",7.203617706
"753",3.09e-05,"soil",1.1019,"MET",8,0,"ME_MET",NA,NA,"rvm2017","Rana_clamitans",4.795233731
"754",3.09e-05,"soil",1.2846,"MET",8,0,"ME_MET",NA,NA,"rvm2017","Rana_clamitans",8.053698309
"755",3.09e-05,"soil",1.2984,"MET",8,0,"ME_MET",NA,NA,"rvm2017","Rana_clamitans",1.930289923
"756",3.09e-05,"soil",1.5863,"MET",8,0,"MED_MET",NA,NA,"rvm2017","Rana_clamitans",1.337994897
"757",3.09e-05,"soil",1.6197,"MET",8,0,"MED_MET",NA,NA,"rvm2017","Rana_clamitans",0.724555439
"758",3.09e-05,"soil",1.6929,"MET",8,0,"ATZMED_MET",NA,NA,"rvm2017","Rana_clamitans",10.44074438
"759",3.09e-05,"soil",1.7687,"MET",8,0,"ATZMED_MET",NA,NA,"rvm2017","Rana_clamitans",9.950841611
"760",3.09e-05,"soil",1.8136,"MET",8,0,"ATZME_MET",NA,NA,"rvm2017","Rana_clamitans",12.43368085
"761",3.09e-05,"soil",1.8205,"MET",8,0,"MED_MET",NA,NA,"rvm2017","Rana_clamitans",1.761326684
"762",3.09e-05,"soil",1.8523,"MET",8,0,"ATZME_MET",NA,NA,"rvm2017","Rana_clamitans",6.907670877
"763",3.09e-05,"soil",1.8649,"MET",8,0,"ATZME_MET",NA,NA,"rvm2017","Rana_clamitans",0.149639783
"764",3.09e-05,"soil",2.0136,"MET",8,0,"ATZMED_MET",NA,NA,"rvm2017","Rana_clamitans",11.13214931
"765",3.09e-05,"soil",2.0979,"MET",8,0,"ATZME_MET",NA,NA,"rvm2017","Rana_clamitans",18.90724611
"766",3.09e-05,"soil",2.2402,"MET",8,0,"ATZMED_MET",NA,NA,"rvm2017","Rana_clamitans",16.86405718
"767",3.09e-05,"soil",2.2634,"MET",8,0,"MED_MET",NA,NA,"rvm2017","Rana_clamitans",0.508831642
"768",3.09e-05,"soil",2.2984,"MET",8,0,"MED_MET",NA,NA,"rvm2017","Rana_clamitans",5.026680818
"769",3.09e-05,"soil",2.4907,"MET",8,0,"ATZME_MET",NA,NA,"rvm2017","Rana_clamitans",20.39940997
"770",3.09e-05,"soil",2.4927,"MET",8,0,"ME_MET",NA,NA,"rvm2017","Rana_clamitans",8.198402807
"771",3.09e-05,"soil",2.6159,"MET",8,0,"ME_MET",NA,NA,"rvm2017","Rana_clamitans",2.17788472
"772",3.09e-05,"soil",2.7419,"MET",8,0,"ATZME_MET",NA,NA,"rvm2017","Rana_clamitans",1.776787088
"773",3.09e-05,"soil",2.7643,"MET",8,0,"ATZMED_MET",NA,NA,"rvm2017","Rana_clamitans",0.931411968
"774",3.09e-05,"soil",2.9835,"MET",8,0,"ME_MET",NA,NA,"rvm2017","Rana_clamitans",0.81982627
"775",2.6e-06,"soil",1.1879,"PROPT",8,0,"PZ_PROPT",NA,NA,"rvm2017","Rana_clamitans",0.285562211
"776",2.6e-06,"soil",1.3043,"PROPT",8,0,"ATZMAPZ_PROPT",NA,NA,"rvm2017","Rana_clamitans",0.826026215
"777",2.6e-06,"soil",1.4277,"PROPT",8,0,"ATZMAPZ_PROPT",NA,NA,"rvm2017","Rana_clamitans",0.729029923
"778",2.6e-06,"soil",1.6593,"PROPT",8,0,"ATZPZ_PROPT",NA,NA,"rvm2017","Rana_clamitans",0.759930247
"779",2.6e-06,"soil",1.7623,"PROPT",8,0,"ATZMAPZ_PROPT",NA,NA,"rvm2017","Rana_clamitans",2.330295203
"780",2.6e-06,"soil",1.7856,"PROPT",8,0,"ATZMAPZ_PROPT",NA,NA,"rvm2017","Rana_clamitans",1.269632524
"781",2.6e-06,"soil",1.7896,"PROPT",8,0,"MAPZ_PROPT",NA,NA,"rvm2017","Rana_clamitans",0.328610724
"782",2.6e-06,"soil",1.822,"PROPT",8,0,"MAPZ_PROPT",NA,NA,"rvm2017","Rana_clamitans",0.251331918
"783",2.6e-06,"soil",1.8822,"PROPT",8,0,"ATZMAPZ_PROPT",NA,NA,"rvm2017","Rana_clamitans",1.951847538
"784",2.6e-06,"soil",1.9545,"PROPT",8,0,"PZ_PROPT",NA,NA,"rvm2017","Rana_clamitans",0.247443503
"785",2.6e-06,"soil",1.998,"PROPT",8,0,"PZ_PROPT",NA,NA,"rvm2017","Rana_clamitans",0.375235724
"786",2.6e-06,"soil",2.0876,"PROPT",8,0,"MAPZ_PROPT",NA,NA,"rvm2017","Rana_clamitans",0.277662174
"787",2.6e-06,"soil",2.1656,"PROPT",8,0,"MAPZ_PROPT",NA,NA,"rvm2017","Rana_clamitans",0.618946465
"788",2.6e-06,"soil",2.2353,"PROPT",8,0,"ATZPZ_PROPT",NA,NA,"rvm2017","Rana_clamitans",0.205578453
"789",2.6e-06,"soil",2.3087,"PROPT",8,0,"MAPZ_PROPT",NA,NA,"rvm2017","Rana_clamitans",0.305997543
"790",2.6e-06,"soil",2.3395,"PROPT",8,0,"PZ_PROPT",NA,NA,"rvm2017","Rana_clamitans",0.139716725
"791",2.6e-06,"soil",2.6348,"PROPT",8,0,"ATZMAPZ_PROPT",NA,NA,"rvm2017","Rana_clamitans",0.423424017
"792",2.6e-06,"soil",2.8777,"PROPT",8,0,"ATZPZ_PROPT",NA,NA,"rvm2017","Rana_clamitans",1.438248563
"793",2.6e-06,"soil",2.8816,"PROPT",8,0,"PZ_PROPT",NA,NA,"rvm2017","Rana_clamitans",0.380895431
"794",2.6e-06,"soil",3.0233,"PROPT",8,0,"ATZPZ_PROPT",NA,NA,"rvm2017","Rana_clamitans",0.314333427
"795",2.6e-06,"soil",3.4314,"PROPT",8,0,"ATZPZ_PROPT",NA,NA,"rvm2017","Rana_clamitans",0.177311228
"796",2.6e-06,"soil",3.5113,"PROPT",8,0,"ATZPZ_PROPT",NA,NA,"rvm2017","Rana_clamitans",1.481646981
"797",2.6e-06,"soil",3.9973,"PROPT",8,0,"PZ_PROPT",NA,NA,"rvm2017","Rana_clamitans",0.000537811
"798",2.6e-06,"soil",4.0141,"PROPT",8,0,"MAPZ_PROPT",NA,NA,"rvm2017","Rana_clamitans",0.723961607
